order_id,order_date,customer_id,customer,city,segment,category,product,quantity,unit_price,discount,payment,sales_channel,shipping_days,customer_rating,returned,gross_sales,discount_amount,net_sales
5354,2025-01-02,C018,Customer_018,Chennai,Consumer,Electronics,Mouse,6.0,941.41,0.143,UPI,Mobile App,6.0,4.0,No,5648.46,807.7297799999999,4840.73022
5337,2025-01-02,C006,Customer_006,Hyderabad,Consumer,Home,Table Fan,3.0,2147.61,0.046,UPI,Website,5.0,5.0,No,6442.83,296.37018,6146.45982
5311,2025-01-02,C012,Customer_012,Hyderabad,Small Business,Electronics,Monitor,7.0,11666.8,0.037,UPI,Website,3.0,3.0,No,81667.59999999999,3021.7011999999995,78645.8988
5519,2025-01-03,C116,Customer_116,Hyderabad,Small Business,Office,Printer Paper,4.0,350.29,0.118,CASH,Website,6.0,5.0,No,1401.16,165.33688,1235.82312
5256,2025-01-06,C081,Customer_081,Mumbai,Corporate,Home,Table Fan,3.0,1965.52,0.117,CARD,Website,4.0,4.0,No,5896.5599999999995,689.89752,5206.662479999999
5223,2025-01-06,C021,Customer_021,Mumbai,Consumer,Electronics,Webcam,1.0,2280.07,0.048,CARD,Store,6.0,4.0,No,2280.07,109.44336000000001,2170.62664
5095,2025-01-07,C001,Customer_001,Mumbai,Corporate,Electronics,Webcam,3.0,2498.81,0.13,CARD,Store,5.0,3.0,No,7496.43,974.5359000000001,6521.8941
5429,2025-01-09,C045,Customer_045,Hyderabad,Corporate,Office,Printer Paper,5.0,354.06,0.048,CARD,Website,5.0,4.0,No,1770.3,84.9744,1685.3256
5562,2025-01-09,C103,Customer_103,Bengaluru,Corporate,Home,Desk,3.0,7455.53,0.092,CARD,Mobile App,4.0,5.0,No,22366.59,2057.72628,20308.86372
5239,2025-01-09,C029,Customer_029,Chennai,Consumer,Office,Notebook,8.0,131.55,0.172,CARD,Mobile App,5.0,3.0,No,1052.4,181.0128,871.3872000000001
5071,2025-01-12,C097,Customer_097,Bengaluru,Consumer,Office,Marker,4.0,63.03,0.071,UPI,Website,2.0,2.0,Yes,252.12,17.90052,234.21948
5440,2025-01-13,C077,Customer_077,Bengaluru,Corporate,Electronics,Monitor,1.0,12686.7,0.012,CARD,Store,4.0,3.0,No,12686.7,152.24040000000002,12534.4596
5360,2025-01-15,C110,Customer_110,Hyderabad,Consumer,Office,Stapler,8.0,174.68,0.101,CARD,Website,5.0,2.0,No,1397.44,141.14144000000002,1256.29856
5001,2025-01-15,C035,Customer_035,Delhi,Consumer,Accessories,Power Bank,6.0,2056.46,0.095,CARD,Website,8.0,3.0,No,12338.76,1172.1822,11166.577800000001
5133,2025-01-17,C095,Customer_095,Bengaluru,Corporate,Accessories,Power Bank,2.0,1775.54,0.089,NET BANKING,Website,3.0,4.0,No,3551.08,316.04612,3235.03388
5483,2025-01-17,C101,Customer_101,Hyderabad,Consumer,Accessories,Laptop Stand,2.0,1368.63,0.123,CARD,Store,3.0,3.0,Yes,2737.26,336.68298000000004,2400.57702
5004,2025-01-18,C096,Customer_096,Mumbai,Corporate,Accessories,Power Bank,1.0,1678.18,0.188,UPI,Mobile App,4.0,4.0,No,1678.18,315.49784,1362.68216
5092,2025-01-19,C050,Customer_050,Chennai,Small Business,Accessories,Power Bank,3.0,1832.57,0.103,CARD,Website,3.0,4.0,No,5497.71,566.26413,4931.44587
5584,2025-01-19,C085,Customer_085,Chennai,Consumer,Electronics,Webcam,7.0,2685.29,0.114,CARD,Website,4.0,4.0,No,18797.03,2142.8614199999997,16654.168579999998
5458,2025-01-19,C018,Customer_018,Chennai,Consumer,Electronics,Monitor,5.0,12668.22,0.061,CARD,Store,8.0,4.0,No,63341.1,3863.8071,59477.2929
5477,2025-01-21,C049,Customer_049,Mumbai,Consumer,Office,Stapler,5.0,166.86,0.065,UPI,Store,3.0,4.0,No,834.3000000000001,54.22950000000001,780.0705
5572,2025-01-21,C044,Customer_044,Bengaluru,Consumer,Home,Lamp,8.0,755.84,0.045,UPI,Mobile App,6.0,3.0,No,6046.72,272.1024,5774.6176000000005
5304,2025-01-22,C015,Customer_015,Delhi,Corporate,Home,Desk,7.0,6810.18,0.101,CASH,Website,6.0,4.0,No,47671.26,4814.79726,42856.46274
5309,2025-01-22,C066,Customer_066,Delhi,Corporate,Electronics,Headset,6.0,2348.19,0.129,UPI,Mobile App,6.0,2.0,No,14089.14,1817.4990599999999,12271.64094
5233,2025-01-22,C088,Customer_088,Delhi,Corporate,Office,Stapler,4.0,187.91,0.003,CASH,Website,7.0,4.0,No,751.64,2.25492,749.38508
5102,2025-01-23,C101,Customer_101,Hyderabad,Consumer,Accessories,Laptop Stand,2.0,1352.67,0.0,UPI,Website,5.0,3.0,No,2705.34,0.0,2705.34
5008,2025-01-24,C064,Customer_064,Mumbai,Consumer,Electronics,Headset,1.0,2231.26,0.039,NET BANKING,Website,5.0,4.0,No,2231.26,87.01914000000001,2144.2408600000003
5084,2025-01-25,C022,Customer_022,Bengaluru,Consumer,Home,Chair,6.0,4718.48,0.152,CARD,Website,4.0,4.0,No,28310.879999999997,4303.25376,24007.626239999998
5190,2025-01-26,C016,Customer_016,Chennai,Consumer,Home,Chair,2.0,4212.84,0.057,UPI,Mobile App,5.0,4.0,No,8425.68,480.26376000000005,7945.4162400000005
5531,2025-01-26,C033,Customer_033,Bengaluru,Consumer,Accessories,Phone Case,5.0,620.85,0.039,UPI,Mobile App,7.0,3.0,No,3104.25,121.06575,2983.18425
5275,2025-01-26,C067,Customer_067,Delhi,Consumer,Electronics,Headset,1.0,2159.52,0.041,CARD,Store,2.0,5.0,No,2159.52,88.54032000000001,2070.97968
5455,2025-01-27,C054,Customer_054,Mumbai,Small Business,Accessories,Laptop Stand,3.0,1461.45,0.036,CASH,Mobile App,4.0,5.0,No,4384.35,157.8366,4226.513400000001
5397,2025-01-27,C065,Customer_065,Mumbai,Corporate,Accessories,Power Bank,8.0,1888.43,0.014,UPI,Website,3.0,5.0,No,15107.44,211.50416,14895.93584
5254,2025-01-30,C093,Customer_093,Delhi,Consumer,Electronics,Monitor,5.0,12542.31,0.135,CARD,Mobile App,4.0,4.0,No,62711.549999999996,8466.05925,54245.49075
5441,2025-02-01,C105,Customer_105,Mumbai,Consumer,Accessories,Phone Case,6.0,630.47,0.038,CARD,Website,4.0,5.0,No,3782.82,143.74716,3639.0728400000003
5401,2025-02-01,C011,Customer_011,Bengaluru,Consumer,Electronics,Monitor,4.0,11896.61,0.091,CARD,Store,4.0,4.0,No,47586.44,4330.36604,43256.07396
5368,2025-02-02,C007,Customer_007,Mumbai,Consumer,Electronics,Webcam,5.0,2453.65,0.029,UPI,Store,4.0,5.0,No,12268.25,355.77925,11912.47075
5032,2025-02-03,C090,Customer_090,Delhi,Consumer,Accessories,USB Cable,4.0,451.98,0.163,CARD,Store,5.0,3.0,No,1807.92,294.69096,1513.2290400000002
5534,2025-02-04,C038,Customer_038,Delhi,Corporate,Accessories,Power Bank,7.0,1852.39,0.089,CARD,Website,5.0,4.0,No,12966.730000000001,1154.03897,11812.691030000002
5539,2025-02-05,C005,Customer_005,Chennai,Consumer,Office,Notebook,3.0,112.48,0.078,UPI,Mobile App,7.0,4.0,No,337.44,26.32032,311.11968
5404,2025-02-05,C019,Customer_019,Hyderabad,Corporate,Home,Table Fan,3.0,2233.88,0.161,UPI,Website,5.0,5.0,No,6701.64,1078.96404,5622.6759600000005
5155,2025-02-06,C022,Customer_022,Bengaluru,Consumer,Accessories,Laptop Stand,2.0,1419.43,0.038,CARD,Mobile App,3.0,5.0,No,2838.86,107.87668000000001,2730.9833200000003
5077,2025-02-06,C089,Customer_089,Chennai,Consumer,Office,Marker,3.0,66.14,0.059,CARD,Website,6.0,3.0,No,198.42000000000002,11.70678,186.71322
5463,2025-02-06,C110,Customer_110,Hyderabad,Consumer,Electronics,Mouse,8.0,859.83,0.13,CARD,Mobile App,3.0,3.0,No,6878.64,894.2232,5984.4168
5473,2025-02-08,C074,Customer_074,Bengaluru,Small Business,Home,Desk,6.0,6741.21,0.139,NET BANKING,Website,1.0,4.0,No,40447.26,5622.169140000001,34825.090860000004
5197,2025-02-09,C070,Customer_070,Delhi,Consumer,Electronics,Mouse,7.0,783.57,0.099,UPI,Store,7.0,3.0,No,5484.990000000001,543.0140100000001,4941.975990000001
5066,2025-02-09,C007,Customer_007,Mumbai,Consumer,Office,Pen,6.0,24.05,0.039,CARD,Website,3.0,4.0,No,144.3,5.627700000000001,138.6723
5270,2025-02-09,C019,Customer_019,Hyderabad,Corporate,Accessories,USB Cable,2.0,456.44,0.086,CARD,Website,3.0,4.0,No,912.88,78.50768,834.37232
5154,2025-02-10,C046,Customer_046,Mumbai,Consumer,Home,Lamp,1.0,817.28,0.112,CARD,Website,7.0,4.0,Yes,817.28,91.53536,725.74464
5031,2025-02-10,C120,Customer_120,Mumbai,Consumer,Home,Lamp,3.0,823.01,0.041,CARD,Mobile App,7.0,5.0,No,2469.0299999999997,101.23022999999999,2367.7997699999996
5147,2025-02-11,C041,Customer_041,Delhi,Consumer,Home,Chair,7.0,4095.71,0.079,UPI,Mobile App,7.0,3.0,No,28669.97,2264.92763,26405.042370000003
5425,2025-02-13,C056,Customer_056,Mumbai,Consumer,Accessories,USB Cable,7.0,451.19,0.059,NET BANKING,Website,5.0,4.0,No,3158.33,186.34147,2971.98853
5490,2025-02-13,C005,Customer_005,Chennai,Consumer,Home,Table Fan,8.0,2183.92,0.0,CARD,Mobile App,3.0,5.0,No,17471.36,0.0,17471.36
5281,2025-02-13,C022,Customer_022,Bengaluru,Consumer,Electronics,Mouse,7.0,911.73,0.083,UPI,Website,3.0,4.0,Yes,6382.110000000001,529.71513,5852.39487
5469,2025-02-14,C114,Customer_114,Delhi,Corporate,Office,Marker,3.0,64.49,0.058,CASH,Store,4.0,4.0,No,193.46999999999997,11.22126,182.24873999999997
5043,2025-02-15,C024,Customer_024,Hyderabad,Corporate,Electronics,Keyboard,1.0,1812.03,0.085,UPI,Mobile App,4.0,4.0,Yes,1812.03,154.02255,1658.00745
5285,2025-02-16,C044,Customer_044,Bengaluru,Consumer,Accessories,Laptop Stand,8.0,1352.92,0.026,NET BANKING,Mobile App,4.0,5.0,No,10823.36,281.40736,10541.952640000001
5029,2025-02-16,C033,Customer_033,Bengaluru,Consumer,Home,Lamp,8.0,854.98,0.08,CARD,Mobile App,6.0,4.0,No,6839.84,547.1872000000001,6292.6528
5184,2025-02-16,C025,Customer_025,Mumbai,Consumer,Accessories,Phone Case,4.0,626.09,0.109,CARD,Website,1.0,4.0,No,2504.36,272.97524,2231.38476
5468,2025-02-16,C017,Customer_017,Delhi,Small Business,Home,Table Fan,1.0,2279.86,0.023,NET BANKING,Website,4.0,3.0,No,2279.86,52.43678,2227.42322
5142,2025-02-17,C058,Customer_058,Delhi,Small Business,Electronics,Webcam,5.0,2721.74,0.017,CASH,Mobile App,2.0,3.0,No,13608.699999999999,231.3479,13377.352099999998
5407,2025-02-17,C007,Customer_007,Mumbai,Consumer,Office,Pen,5.0,26.16,0.056,CARD,Mobile App,5.0,5.0,No,130.8,7.324800000000001,123.47520000000002
5222,2025-02-17,C074,Customer_074,Bengaluru,Small Business,Electronics,Monitor,1.0,12262.03,0.011,CARD,Mobile App,4.0,3.0,No,12262.03,134.88233,12127.14767
5389,2025-02-19,C054,Customer_054,Chennai,Small Business,Office,Notebook,1.0,125.59,0.041,UPI,Website,2.0,5.0,No,125.59,5.14919,120.44081
5428,2025-02-19,C021,Customer_021,Mumbai,Consumer,Electronics,Keyboard,5.0,1796.97,0.052,UPI,Website,2.0,3.0,No,8984.85,467.2122,8517.6378
5369,2025-02-21,C099,Customer_099,Chennai,Small Business,Electronics,Headset,5.0,2177.18,0.0,NET BANKING,Website,3.0,3.0,No,10885.9,0.0,10885.9
5324,2025-02-21,C111,Customer_111,Delhi,Consumer,Office,Marker,5.0,60.05,0.174,UPI,Website,3.0,3.0,No,300.25,52.2435,248.00650000000002
5178,2025-02-23,C076,Customer_076,Bengaluru,Consumer,Electronics,Headset,8.0,2059.49,0.045,UPI,Website,3.0,4.0,No,16475.92,741.4163999999998,15734.503599999998
5011,2025-02-24,C112,Customer_112,Chennai,Consumer,Home,Lamp,6.0,863.25,0.0,CARD,Website,6.0,4.0,No,5179.5,0.0,5179.5
5009,2025-02-24,C092,Customer_092,Mumbai,Corporate,Office,Stapler,5.0,200.55,0.142,CARD,Website,4.0,3.0,No,1002.75,142.39049999999997,860.3595
5189,2025-02-24,C111,Customer_111,Delhi,Consumer,Home,Chair,4.0,4572.02,0.108,CARD,Mobile App,7.0,3.0,No,18288.08,1975.11264,16312.967360000002
5006,2025-02-26,C028,Customer_028,Chennai,Consumer,Home,Table Fan,1.0,2218.67,0.116,NET BANKING,Mobile App,1.0,3.0,No,2218.67,257.36572,1961.30428
5158,2025-02-26,C036,Customer_036,Chennai,Corporate,Office,Printer Paper,6.0,359.98,0.138,CASH,Website,6.0,5.0,Yes,2159.88,298.06344,1861.8165600000002
5373,2025-02-27,C116,Customer_116,Hyderabad,Small Business,Accessories,Power Bank,5.0,1778.83,0.017,UPI,Website,4.0,4.0,No,8894.15,151.20055,8742.94945
5523,2025-02-27,C067,Customer_067,Delhi,Consumer,Electronics,Headset,7.0,2003.91,0.092,NET BANKING,Store,5.0,4.0,No,14027.37,1290.5180400000002,12736.85196
5485,2025-02-28,C114,Customer_114,Delhi,Corporate,Office,Pen,1.0,25.35,0.001,CASH,Store,2.0,4.0,No,25.35,0.02535,25.324650000000002
5471,2025-02-28,C012,Customer_012,Hyderabad,Small Business,Office,Pen,3.0,22.44,0.0,CARD,Mobile App,1.0,5.0,No,67.32000000000001,0.0,67.32000000000001
5447,2025-02-28,C065,Customer_065,Mumbai,Corporate,Home,Chair,4.0,4606.44,0.135,CARD,Mobile App,2.0,5.0,No,18425.76,2487.4776,15938.282399999998
5283,2025-02-28,C114,Customer_114,Delhi,Corporate,Electronics,Webcam,5.0,2573.3,0.0,CARD,Website,3.0,3.0,No,12866.5,0.0,12866.5
5053,2025-03-01,C019,Customer_019,Hyderabad,Corporate,Home,Lamp,7.0,895.54,0.109,UPI,Website,4.0,3.0,No,6268.78,683.29702,5585.48298
5442,2025-03-01,C069,Customer_069,Chennai,Corporate,Accessories,Phone Case,1.0,611.49,0.094,UPI,Website,5.0,4.0,No,611.49,57.48006,554.00994
5391,2025-03-02,C055,Customer_055,Mumbai,Consumer,Electronics,Webcam,5.0,2429.8,0.049,UPI,Mobile App,1.0,4.0,No,12149.0,595.301,11553.699
5169,2025-03-03,C116,Customer_116,Hyderabad,Small Business,Home,Table Fan,8.0,2220.75,0.112,CARD,Website,5.0,5.0,No,17766.0,1989.7920000000001,15776.208
5300,2025-03-03,C103,Customer_103,Bengaluru,Corporate,Home,Desk,5.0,7127.61,0.087,CASH,Store,3.0,3.0,Yes,35638.049999999996,3100.5103499999996,32537.539649999995
5060,2025-03-03,C003,Customer_003,Hyderabad,Consumer,Office,Notebook,7.0,132.31,0.054,CARD,Website,5.0,3.0,No,926.1700000000001,50.013180000000006,876.15682
5217,2025-03-05,C087,Customer_087,Mumbai,Consumer,Home,Table Fan,8.0,1814.93,0.037,CARD,Mobile App,5.0,4.0,No,14519.44,537.21928,13982.220720000001
5409,2025-03-05,C002,Customer_002,Delhi,Corporate,Accessories,Phone Case,2.0,581.57,0.019,CARD,Mobile App,6.0,5.0,No,1163.14,22.09966,1141.04034
5377,2025-03-05,C030,Customer_030,Mumbai,Consumer,Electronics,Monitor,8.0,12303.83,0.081,CARD,Mobile App,4.0,3.0,No,98430.64,7972.88184,90457.75816
5051,2025-03-05,C072,Customer_072,Bengaluru,Consumer,Accessories,USB Cable,6.0,458.47,0.113,CARD,Website,1.0,4.0,No,2750.82,310.84266,2439.9773400000004
5172,2025-03-05,C079,Customer_079,Delhi,Consumer,Office,Stapler,5.0,176.0,0.124,UPI,Website,6.0,3.0,No,880.0,109.12,770.88
5208,2025-03-06,C072,Customer_072,Bengaluru,Consumer,Home,Chair,6.0,4667.16,0.114,UPI,Website,1.0,2.0,No,28002.96,3192.3374400000002,24810.62256
5316,2025-03-06,C036,Customer_036,Chennai,Corporate,Home,Chair,3.0,4677.88,0.053,CARD,Mobile App,5.0,3.0,No,14033.64,743.78292,13289.85708
5046,2025-03-08,C038,Customer_038,Delhi,Corporate,Office,Stapler,5.0,185.47,0.08,CARD,Mobile App,4.0,4.0,No,927.35,74.188,853.162
5219,2025-03-08,C007,Customer_007,Mumbai,Consumer,Electronics,Monitor,1.0,10214.28,0.166,CARD,Website,1.0,5.0,No,10214.28,1695.57048,8518.70952
5207,2025-03-08,C049,Customer_049,Mumbai,Consumer,Home,Chair,3.0,4464.89,0.135,NET BANKING,Website,5.0,3.0,No,13394.670000000002,1808.2804500000004,11586.389550000002
5049,2025-03-09,C110,Customer_110,Hyderabad,Consumer,Electronics,Monitor,4.0,11919.01,0.064,NET BANKING,Mobile App,5.0,4.0,No,47676.04,3051.26656,44624.773440000004
5410,2025-03-09,C033,Customer_033,Bengaluru,Consumer,Home,Table Fan,4.0,2384.92,0.197,UPI,Store,2.0,4.0,No,9539.68,1879.31696,7660.36304
5479,2025-03-10,C117,Customer_117,Mumbai,Consumer,Electronics,Keyboard,7.0,1805.58,0.093,UPI,Website,3.0,4.0,No,12639.06,1175.43258,11463.627419999999
5064,2025-03-10,C021,Customer_021,Mumbai,Consumer,Office,Printer Paper,2.0,325.3,0.0,UPI,Mobile App,2.0,4.0,No,650.6,0.0,650.6
5376,2025-03-10,C102,Customer_102,Mumbai,Consumer,Accessories,Phone Case,8.0,528.8,0.043,CASH,Mobile App,4.0,5.0,No,4230.4,181.90719999999996,4048.4927999999995
5514,2025-03-10,C052,Customer_052,Chennai,Consumer,Electronics,Mouse,7.0,942.68,0.054,CARD,Mobile App,2.0,4.0,No,6598.759999999999,356.33304,6242.426959999999
5165,2025-03-11,C093,Customer_093,Delhi,Consumer,Electronics,Mouse,3.0,841.43,0.0,CASH,Mobile App,5.0,4.0,No,2524.29,0.0,2524.29
5415,2025-03-12,C090,Customer_090,Delhi,Consumer,Accessories,Power Bank,3.0,1853.61,0.178,CARD,Store,6.0,4.0,No,5560.83,989.82774,4571.00226
5113,2025-03-12,C029,Customer_029,Chennai,Consumer,Office,Printer Paper,4.0,370.18,0.123,UPI,Website,3.0,4.0,No,1480.72,182.12856,1298.5914400000001
5314,2025-03-12,C100,Customer_100,Hyderabad,Consumer,Accessories,USB Cable,7.0,415.86,0.01,CASH,Mobile App,6.0,4.0,No,2911.02,29.1102,2881.9098
5378,2025-03-13,C007,Customer_007,Mumbai,Consumer,Electronics,Keyboard,5.0,1806.1,0.0,UPI,Mobile App,3.0,5.0,No,9030.5,0.0,9030.5
5273,2025-03-13,C011,Customer_011,Bengaluru,Consumer,Accessories,USB Cable,2.0,471.51,0.007,CARD,Website,2.0,3.0,No,943.02,6.60114,936.41886
5302,2025-03-13,C077,Customer_077,Bengaluru,Corporate,Office,Marker,2.0,58.09,0.063,NET BANKING,Mobile App,2.0,4.0,No,116.18,7.31934,108.86066000000001
5010,2025-03-13,C073,Customer_073,Hyderabad,Consumer,Home,Lamp,7.0,826.87,0.094,CARD,Website,4.0,4.0,No,5788.09,544.08046,5244.00954
5144,2025-03-14,C051,Customer_051,Chennai,Consumer,Home,Table Fan,1.0,2122.47,0.015,CARD,Mobile App,2.0,5.0,No,2122.47,31.837049999999994,2090.6329499999997
5160,2025-03-14,C114,Customer_114,Chennai,Corporate,Electronics,Monitor,1.0,12373.51,0.057,CARD,Website,4.0,3.0,No,12373.51,705.29007,11668.21993
5408,2025-03-15,C024,Customer_024,Hyderabad,Corporate,Accessories,Phone Case,5.0,589.93,0.042,UPI,Store,3.0,4.0,No,2949.6499999999996,123.88529999999999,2825.7646999999997
5020,2025-03-15,C052,Customer_052,Chennai,Consumer,Home,Table Fan,4.0,2122.95,0.07,UPI,Mobile App,4.0,5.0,Yes,8491.8,594.426,7897.373999999999
5553,2025-03-17,C088,Customer_088,Delhi,Corporate,Electronics,Keyboard,5.0,1925.89,0.071,UPI,Mobile App,5.0,4.0,No,9629.45,683.69095,8945.75905
5362,2025-03-17,C079,Customer_079,Delhi,Consumer,Electronics,Mouse,8.0,867.45,0.138,CARD,Website,1.0,5.0,No,6939.6,957.6648000000001,5981.9352
5199,2025-03-17,C063,Customer_063,Delhi,Consumer,Home,Chair,1.0,4342.97,0.081,CARD,Mobile App,5.0,4.0,No,4342.97,351.78057,3991.1894300000004
5361,2025-03-18,C035,Customer_035,Delhi,Consumer,Home,Chair,1.0,4011.24,0.116,CASH,Website,5.0,4.0,No,4011.24,465.30384,3545.9361599999997
5448,2025-03-18,C037,Customer_037,Chennai,Consumer,Electronics,Monitor,1.0,11960.39,0.104,CASH,Mobile App,8.0,3.0,No,11960.39,1243.8805599999998,10716.50944
5417,2025-03-19,C062,Customer_062,Delhi,Small Business,Office,Notebook,5.0,121.43,0.067,UPI,Mobile App,6.0,5.0,No,607.1500000000001,40.67905000000001,566.4709500000001
5352,2025-03-19,C029,Customer_029,Chennai,Consumer,Accessories,Phone Case,3.0,603.68,0.042,CARD,Mobile App,5.0,3.0,No,1811.04,76.06368,1734.97632
5596,2025-03-20,C020,Customer_020,Mumbai,Consumer,Home,Desk,3.0,7505.13,0.108,CARD,Website,7.0,4.0,No,22515.39,2431.66212,20083.72788
5299,2025-03-20,C033,Customer_033,Bengaluru,Consumer,Home,Table Fan,8.0,2251.75,0.106,CARD,Website,5.0,3.0,No,18014.0,1909.484,16104.516
5138,2025-03-20,C032,Customer_032,Hyderabad,Small Business,Home,Lamp,1.0,879.51,0.061,UPI,Mobile App,4.0,5.0,No,879.51,53.65011,825.85989
5564,2025-03-22,C045,Customer_045,Hyderabad,Corporate,Accessories,Laptop Stand,3.0,1200.31,0.035,UPI,Website,5.0,3.0,No,3600.93,126.03255,3474.89745
5533,2025-03-23,C030,Customer_030,Mumbai,Consumer,Home,Chair,3.0,4574.87,0.097,CARD,Website,2.0,2.0,No,13724.61,1331.28717,12393.322830000001
5591,2025-03-23,C081,Customer_081,Mumbai,Corporate,Accessories,Laptop Stand,8.0,1591.3,0.111,UPI,Mobile App,6.0,3.0,No,12730.4,1413.0744,11317.3256
5301,2025-03-23,C106,Customer_106,Mumbai,Small Business,Electronics,Keyboard,6.0,1790.11,0.06,UPI,Website,3.0,4.0,No,10740.66,644.4395999999999,10096.2204
5149,2025-03-23,C061,Customer_061,Mumbai,Small Business,Office,Printer Paper,1.0,307.21,0.033,UPI,Website,3.0,4.0,No,307.21,10.137929999999999,297.07207
5317,2025-03-24,C117,Customer_117,Mumbai,Consumer,Office,Marker,7.0,59.96,0.06,UPI,Store,7.0,3.0,No,419.72,25.1832,394.5368
5272,2025-03-24,C018,Customer_018,Chennai,Consumer,Electronics,Keyboard,1.0,1753.51,0.036,CARD,Mobile App,1.0,5.0,No,1753.51,63.12636,1690.38364
5034,2025-03-24,C098,Customer_098,Chennai,Consumer,Office,Notebook,8.0,119.35,0.046,CARD,Website,3.0,4.0,No,954.8,43.9208,910.8792
5434,2025-03-24,C118,Customer_118,Mumbai,Corporate,Accessories,Phone Case,5.0,603.53,0.155,UPI,Website,6.0,3.0,No,3017.6499999999996,467.73574999999994,2549.91425
5088,2025-03-25,C030,Customer_030,Mumbai,Consumer,Electronics,Monitor,5.0,13015.82,0.098,UPI,Website,5.0,5.0,Yes,65079.1,6377.7518,58701.3482
5056,2025-03-25,C019,Customer_019,Hyderabad,Corporate,Electronics,Mouse,3.0,864.56,0.032,UPI,Mobile App,4.0,4.0,Yes,2593.68,82.99776,2510.6822399999996
5456,2025-03-25,C113,Customer_113,Bengaluru,Small Business,Home,Chair,5.0,4271.38,0.055,NET BANKING,Store,5.0,5.0,No,21356.9,1174.6295,20182.270500000002
5209,2025-03-26,C054,Customer_054,Mumbai,Small Business,Office,Marker,5.0,55.82,0.108,UPI,Mobile App,5.0,3.0,No,279.1,30.1428,248.95720000000003
5555,2025-03-27,C008,Customer_008,Mumbai,Consumer,Office,Pen,8.0,24.87,0.069,UPI,Website,3.0,4.0,Yes,198.96,13.728240000000001,185.23176
5330,2025-03-27,C120,Customer_120,Mumbai,Consumer,Electronics,Headset,4.0,2274.6,0.172,CASH,Mobile App,4.0,5.0,No,9098.4,1564.9247999999998,7533.4752
5230,2025-03-28,C056,Customer_056,Mumbai,Consumer,Office,Notebook,6.0,115.8,0.119,CASH,Store,1.0,4.0,No,694.8,82.68119999999999,612.1188
5375,2025-03-28,C035,Customer_035,Delhi,Consumer,Accessories,Power Bank,1.0,1648.05,0.095,UPI,Store,1.0,5.0,No,1648.05,156.56475,1491.48525
5413,2025-03-28,C063,Customer_063,Delhi,Consumer,Electronics,Headset,7.0,2227.9,0.142,CASH,Website,1.0,4.0,Yes,15595.300000000001,2214.5326,13380.7674
5492,2025-03-28,C051,Customer_051,Chennai,Consumer,Office,Notebook,6.0,134.48,0.132,CARD,Store,4.0,4.0,No,806.8799999999999,106.50815999999999,700.3718399999999
5002,2025-03-28,C100,Customer_100,Hyderabad,Consumer,Office,Pen,7.0,22.39,0.111,UPI,Store,5.0,3.0,No,156.73000000000002,17.39703,139.33297000000002
5204,2025-03-29,C116,Customer_116,Hyderabad,Small Business,Electronics,Keyboard,5.0,1740.11,0.075,CARD,Website,5.0,5.0,No,8700.55,652.5412499999999,8048.008749999999
5193,2025-03-29,C077,Customer_077,Bengaluru,Corporate,Electronics,Mouse,6.0,929.31,0.155,CARD,Store,3.0,4.0,No,5575.86,864.2583,4711.601699999999
5087,2025-03-29,C028,Customer_028,Chennai,Consumer,Office,Pen,7.0,23.52,0.068,UPI,Website,3.0,5.0,No,164.64,11.19552,153.44448
5214,2025-03-29,C114,Customer_114,Delhi,Corporate,Home,Desk,7.0,6672.22,0.128,CASH,Mobile App,5.0,4.0,No,46705.54,5978.30912,40727.23088
5395,2025-03-30,C084,Customer_084,Chennai,Consumer,Office,Stapler,2.0,186.8,0.07,UPI,Mobile App,2.0,3.0,No,373.6,26.152000000000005,347.44800000000004
5398,2025-03-31,C090,Customer_090,Delhi,Consumer,Electronics,Headset,4.0,2212.49,0.058,UPI,Store,5.0,2.0,No,8849.96,513.29768,8336.66232
5506,2025-04-01,C079,Customer_079,Delhi,Consumer,Home,Chair,8.0,4524.52,0.041,CARD,Website,3.0,3.0,No,36196.16,1484.04256,34712.11744
5181,2025-04-01,C022,Customer_022,Bengaluru,Consumer,Home,Lamp,2.0,942.25,0.121,UPI,Store,6.0,4.0,No,1884.5,228.0245,1656.4755
5453,2025-04-01,C031,Customer_031,Mumbai,Small Business,Office,Stapler,4.0,181.38,0.143,CASH,Mobile App,4.0,5.0,No,725.52,103.74936,621.77064
5551,2025-04-02,C059,Customer_059,Chennai,Small Business,Electronics,Headset,3.0,2101.71,0.107,UPI,Website,4.0,4.0,No,6305.13,674.64891,5630.48109
5342,2025-04-03,C080,Customer_080,Mumbai,Consumer,Office,Pen,2.0,23.51,0.064,NET BANKING,Mobile App,6.0,3.0,Yes,47.02,3.0092800000000004,44.010720000000006
5511,2025-04-03,C042,Customer_042,Hyderabad,Small Business,Office,Stapler,5.0,184.73,0.181,CASH,Website,5.0,5.0,No,923.65,167.18064999999999,756.46935
5426,2025-04-03,C086,Customer_086,Chennai,Consumer,Home,Lamp,1.0,808.73,0.086,CARD,Store,5.0,5.0,No,808.73,69.55077999999999,739.17922
5439,2025-04-04,C031,Customer_031,Mumbai,Small Business,Office,Marker,4.0,58.73,0.117,UPI,Mobile App,6.0,5.0,No,234.92,27.48564,207.43436
5588,2025-04-05,C077,Customer_077,Bengaluru,Corporate,Office,Notebook,6.0,120.45,0.0,UPI,Store,7.0,5.0,No,722.7,0.0,722.7
5015,2025-04-06,C035,Customer_035,Delhi,Consumer,Electronics,Webcam,7.0,2158.64,0.076,CARD,Store,8.0,2.0,No,15110.48,1148.3964799999999,13962.08352
5320,2025-04-07,C054,Customer_054,Mumbai,Small Business,Home,Lamp,8.0,848.57,0.081,UPI,Mobile App,3.0,4.0,No,6788.56,549.87336,6238.68664
5336,2025-04-07,C101,Customer_101,Hyderabad,Consumer,Accessories,Phone Case,2.0,623.74,0.048,NET BANKING,Website,4.0,4.0,Yes,1247.48,59.87904,1187.60096
5288,2025-04-08,C058,Customer_058,Delhi,Small Business,Electronics,Webcam,8.0,2382.1,0.0,CASH,Website,4.0,5.0,No,19056.8,0.0,19056.8
5422,2025-04-08,C006,Customer_006,Hyderabad,Consumer,Home,Table Fan,3.0,2228.39,0.117,UPI,Store,4.0,5.0,No,6685.17,782.16489,5903.00511
5152,2025-04-10,C040,Customer_040,Mumbai,Corporate,Accessories,Phone Case,7.0,586.16,0.15,UPI,Mobile App,4.0,4.0,No,4103.12,615.468,3487.652
5220,2025-04-10,C012,Customer_012,Hyderabad,Small Business,Home,Table Fan,5.0,2118.68,0.0,CASH,Mobile App,4.0,3.0,No,10593.4,0.0,10593.4
5180,2025-04-10,C035,Customer_035,Delhi,Consumer,Accessories,USB Cable,5.0,469.71,0.168,UPI,Website,3.0,4.0,No,2348.5499999999997,394.5564,1953.9935999999998
5427,2025-04-11,C050,Customer_050,Chennai,Small Business,Accessories,Phone Case,7.0,602.44,0.129,UPI,Mobile App,2.0,5.0,No,4217.08,544.00332,3673.07668
5424,2025-04-11,C107,Customer_107,Delhi,Consumer,Electronics,Headset,4.0,2273.28,0.062,UPI,Store,3.0,3.0,No,9093.12,563.77344,8529.34656
5332,2025-04-11,C106,Customer_106,Mumbai,Small Business,Electronics,Headset,1.0,2227.11,0.126,UPI,Website,6.0,4.0,No,2227.11,280.61586,1946.4941400000002
5075,2025-04-12,C119,Customer_119,Delhi,Consumer,Electronics,Keyboard,1.0,1807.78,0.063,CASH,Mobile App,5.0,4.0,No,1807.78,113.89014,1693.88986
5203,2025-04-12,C116,Customer_116,Hyderabad,Small Business,Accessories,USB Cable,7.0,420.96,0.154,CARD,Mobile App,3.0,3.0,No,2946.72,453.79488,2492.92512
5099,2025-04-14,C108,Customer_108,Bengaluru,Corporate,Office,Stapler,8.0,176.48,0.0,UPI,Website,4.0,4.0,No,1411.84,0.0,1411.84
5540,2025-04-14,C014,Customer_014,Hyderabad,Consumer,Home,Desk,2.0,6983.58,0.101,UPI,Website,5.0,5.0,No,13967.16,1410.68316,12556.47684
5159,2025-04-14,C096,Customer_096,Mumbai,Corporate,Office,Stapler,1.0,172.53,0.132,UPI,Website,4.0,4.0,No,172.53,22.773960000000002,149.75603999999998
5414,2025-04-16,C118,Customer_118,Mumbai,Corporate,Electronics,Mouse,8.0,921.08,0.114,UPI,Website,4.0,4.0,Yes,7368.64,840.0249600000001,6528.615040000001
5488,2025-04-16,C039,Customer_039,Chennai,Corporate,Home,Table Fan,7.0,1970.25,0.037,UPI,Website,6.0,3.0,No,13791.75,510.29474999999996,13281.45525
5509,2025-04-16,C030,Customer_030,Mumbai,Consumer,Accessories,USB Cable,7.0,442.05,0.146,NET BANKING,Website,4.0,5.0,No,3094.35,451.77509999999995,2642.5749
5162,2025-04-17,C110,Customer_110,Hyderabad,Consumer,Home,Chair,6.0,4606.21,0.117,UPI,Mobile App,3.0,4.0,No,27637.260000000002,3233.5594200000005,24403.70058
5557,2025-04-18,C109,Customer_109,Chennai,Corporate,Electronics,Headset,2.0,1885.67,0.06,CASH,Mobile App,5.0,4.0,No,3771.34,226.28040000000001,3545.0596
5298,2025-04-19,C015,Customer_015,Delhi,Corporate,Accessories,Laptop Stand,5.0,1407.38,0.095,CARD,Mobile App,3.0,4.0,No,7036.900000000001,668.5055000000001,6368.3945
5595,2025-04-19,C057,Customer_057,Delhi,Consumer,Accessories,Laptop Stand,3.0,1495.88,0.044,UPI,Mobile App,1.0,3.0,Yes,4487.64,197.45616,4290.183840000001
5550,2025-04-20,C041,Customer_041,Delhi,Consumer,Home,Chair,8.0,4072.81,0.133,CARD,Mobile App,4.0,4.0,No,32582.48,4333.46984,28249.010159999998
5325,2025-04-20,C089,Customer_089,Chennai,Consumer,Electronics,Webcam,7.0,2381.5,0.08,CARD,Website,3.0,5.0,No,16670.5,1333.64,15336.86
5226,2025-04-21,C068,Customer_068,Bengaluru,Consumer,Electronics,Monitor,5.0,11058.87,0.053,UPI,Website,4.0,3.0,No,55294.350000000006,2930.60055,52363.74945
5117,2025-04-21,C070,Customer_070,Delhi,Consumer,Accessories,Power Bank,2.0,1799.23,0.091,NET BANKING,Mobile App,5.0,4.0,No,3598.46,327.45986,3271.00014
5462,2025-04-22,C049,Customer_049,Mumbai,Consumer,Home,Chair,7.0,4682.92,0.151,CASH,Website,4.0,5.0,No,32780.44,4949.84644,27830.59356
5493,2025-04-23,C058,Customer_058,Delhi,Small Business,Home,Chair,7.0,4648.23,0.0,UPI,Mobile App,4.0,3.0,No,32537.609999999997,0.0,32537.609999999997
5182,2025-04-23,C089,Customer_089,Chennai,Consumer,Home,Chair,6.0,4884.84,0.118,CASH,Mobile App,6.0,4.0,No,29309.04,3458.46672,25850.57328
5218,2025-04-25,C071,Customer_071,Chennai,Small Business,Accessories,Power Bank,5.0,1928.55,0.085,UPI,Website,3.0,5.0,Yes,9642.75,819.6337500000001,8823.11625
5284,2025-04-25,C113,Customer_113,Bengaluru,Small Business,Office,Marker,1.0,60.61,0.046,CARD,Website,6.0,5.0,No,60.61,2.7880599999999998,57.82194
5567,2025-04-27,C029,Customer_029,Chennai,Consumer,Electronics,Headset,8.0,2174.26,0.05,CARD,Website,7.0,3.0,No,17394.08,869.7040000000002,16524.376
5048,2025-04-28,C018,Customer_018,Chennai,Consumer,Home,Chair,4.0,4681.23,0.14,NET BANKING,Mobile App,4.0,3.0,No,18724.92,2621.4888,16103.431199999999
5041,2025-04-29,C043,Customer_043,Mumbai,Consumer,Home,Chair,7.0,4448.82,0.039,NET BANKING,Mobile App,2.0,3.0,No,31141.739999999998,1214.52786,29927.21214
5163,2025-04-30,C103,Customer_103,Bengaluru,Corporate,Electronics,Monitor,7.0,11452.28,0.1,CARD,Store,5.0,4.0,No,80165.96,8016.596000000001,72149.364
5554,2025-05-03,C038,Customer_038,Delhi,Corporate,Electronics,Mouse,8.0,844.02,0.232,UPI,Mobile App,5.0,3.0,Yes,6752.16,1566.5011200000001,5185.65888
5515,2025-05-03,C064,Customer_064,Mumbai,Consumer,Electronics,Monitor,4.0,13234.69,0.119,UPI,Website,2.0,4.0,No,52938.76,6299.71244,46639.04756
5371,2025-05-04,C118,Customer_118,Mumbai,Corporate,Office,Stapler,5.0,179.65,0.089,UPI,Mobile App,4.0,4.0,No,898.25,79.94425,818.30575
5205,2025-05-04,C021,Customer_021,Mumbai,Consumer,Home,Lamp,7.0,904.64,0.041,UPI,Mobile App,4.0,4.0,No,6332.48,259.63168,6072.848319999999
5333,2025-05-05,C083,Customer_083,Mumbai,Consumer,Accessories,USB Cable,3.0,437.09,0.044,NET BANKING,Mobile App,5.0,3.0,No,1311.27,57.695879999999995,1253.57412
5294,2025-05-06,C087,Customer_087,Mumbai,Consumer,Office,Pen,8.0,25.59,0.125,CARD,Store,5.0,5.0,No,204.72,25.59,179.13
5211,2025-05-06,C120,Customer_120,Mumbai,Consumer,Electronics,Keyboard,2.0,1815.91,0.109,UPI,Website,5.0,5.0,No,3631.82,395.86838,3235.9516200000003
5030,2025-05-07,C029,Customer_029,Chennai,Consumer,Office,Marker,1.0,56.61,0.127,CARD,Mobile App,2.0,4.0,No,56.61,7.18947,49.42053
5118,2025-05-07,C094,Customer_094,Bengaluru,Small Business,Electronics,Keyboard,2.0,1818.38,0.071,UPI,Website,5.0,4.0,No,3636.76,258.20995999999997,3378.55004
5574,2025-05-08,C116,Customer_116,Hyderabad,Small Business,Accessories,USB Cable,6.0,461.24,0.107,CARD,Store,8.0,4.0,No,2767.44,296.11608,2471.32392
5141,2025-05-08,C053,Customer_053,Mumbai,Consumer,Electronics,Keyboard,8.0,1772.06,0.172,CASH,Website,4.0,3.0,No,14176.48,2438.3545599999998,11738.12544
5526,2025-05-09,C111,Customer_111,Delhi,Consumer,Accessories,Power Bank,3.0,1809.29,0.119,UPI,Mobile App,5.0,5.0,No,5427.87,645.91653,4781.95347
5527,2025-05-10,C103,Customer_103,Bengaluru,Corporate,Home,Lamp,3.0,809.5,0.094,CARD,Mobile App,4.0,4.0,No,2428.5,228.279,2200.221
5005,2025-05-10,C056,Customer_056,Mumbai,Consumer,Electronics,Webcam,3.0,2425.99,0.103,CARD,Website,4.0,4.0,No,7277.969999999999,749.6309099999999,6528.3390899999995
5174,2025-05-11,C097,Customer_097,Bengaluru,Consumer,Accessories,Laptop Stand,3.0,1473.24,0.0,UPI,Website,8.0,4.0,No,4419.72,0.0,4419.72
5251,2025-05-11,C088,Customer_088,Delhi,Corporate,Electronics,Headset,1.0,2080.0,0.14,NET BANKING,Mobile App,4.0,3.0,No,2080.0,291.20000000000005,1788.8
5585,2025-05-12,C091,Customer_091,Chennai,Corporate,Home,Chair,4.0,4503.61,0.129,CARD,Mobile App,3.0,3.0,No,18014.44,2323.86276,15690.577239999999
5206,2025-05-12,C097,Customer_097,Bengaluru,Consumer,Home,Lamp,5.0,880.75,0.054,UPI,Store,5.0,3.0,No,4403.75,237.8025,4165.9475
5013,2025-05-13,C091,Customer_091,Chennai,Corporate,Electronics,Keyboard,4.0,1782.29,0.053,CASH,Website,3.0,3.0,No,7129.16,377.84548,6751.31452
5357,2025-05-13,C098,Customer_098,Chennai,Consumer,Electronics,Keyboard,4.0,2108.6,0.073,NET BANKING,Mobile App,7.0,5.0,No,8434.4,615.7112,7818.6888
5235,2025-05-14,C111,Customer_111,Delhi,Consumer,Electronics,Monitor,2.0,12197.31,0.114,CARD,Mobile App,4.0,4.0,No,24394.62,2780.98668,21613.63332
5221,2025-05-14,C063,Customer_063,Delhi,Consumer,Office,Printer Paper,7.0,371.53,0.094,CARD,Website,6.0,3.0,No,2600.71,244.46674000000002,2356.24326
5131,2025-05-15,C101,Customer_101,Hyderabad,Consumer,Electronics,Mouse,4.0,984.18,0.132,UPI,Website,4.0,5.0,No,3936.72,519.64704,3417.07296
5228,2025-05-15,C069,Customer_069,Chennai,Corporate,Electronics,Webcam,7.0,2491.73,0.053,CARD,Website,5.0,4.0,No,17442.11,924.43183,16517.67817
5126,2025-05-16,C065,Customer_065,Mumbai,Corporate,Office,Stapler,8.0,193.19,0.023,UPI,Store,5.0,5.0,No,1545.52,35.54696,1509.97304
5374,2025-05-16,C029,Customer_029,Chennai,Consumer,Accessories,Laptop Stand,1.0,1371.26,0.079,CASH,Website,9.0,4.0,No,1371.26,108.32954,1262.93046
5145,2025-05-17,C073,Customer_073,Hyderabad,Consumer,Office,Pen,7.0,25.02,0.166,UPI,Website,6.0,4.0,No,175.14,29.07324,146.06676
5348,2025-05-19,C108,Customer_108,Bengaluru,Corporate,Electronics,Monitor,2.0,11465.64,0.0,CARD,Mobile App,5.0,4.0,No,22931.28,0.0,22931.28
5040,2025-05-19,C072,Customer_072,Bengaluru,Consumer,Home,Table Fan,3.0,2019.38,0.153,UPI,Mobile App,3.0,4.0,No,6058.14,926.8954200000001,5131.2445800000005
5183,2025-05-20,C005,Customer_005,Chennai,Consumer,Electronics,Mouse,4.0,812.19,0.128,UPI,Website,5.0,2.0,No,3248.76,415.84128000000004,2832.91872
5544,2025-05-20,C102,Customer_102,Mumbai,Consumer,Accessories,Power Bank,7.0,1932.77,0.047,CARD,Store,5.0,3.0,No,13529.39,635.8813299999999,12893.50867
5143,2025-05-22,C020,Customer_020,Mumbai,Consumer,Electronics,Monitor,2.0,11824.48,0.022,CASH,Website,6.0,5.0,No,23648.96,520.27712,23128.68288
5179,2025-05-23,C009,Customer_009,Chennai,Consumer,Office,Marker,1.0,53.42,0.0,UPI,Mobile App,5.0,4.0,No,53.42,0.0,53.42
5525,2025-05-24,C016,Customer_016,Chennai,Consumer,Home,Chair,1.0,4292.54,0.161,UPI,Website,4.0,5.0,No,4292.54,691.09894,3601.44106
5449,2025-05-24,C051,Customer_051,Chennai,Consumer,Home,Desk,6.0,6708.41,0.087,CARD,Mobile App,3.0,4.0,No,40250.46,3501.7900199999995,36748.66998
5212,2025-05-24,C096,Customer_096,Mumbai,Corporate,Home,Lamp,6.0,826.04,0.048,CARD,Website,4.0,5.0,No,4956.24,237.89952,4718.34048
5580,2025-05-25,C038,Customer_038,Delhi,Corporate,Accessories,Laptop Stand,4.0,1292.64,0.049,CARD,Store,6.0,4.0,No,5170.56,253.35744000000003,4917.202560000001
5161,2025-05-25,C081,Customer_081,Mumbai,Corporate,Electronics,Keyboard,1.0,1912.72,0.072,UPI,Store,1.0,5.0,No,1912.72,137.71584,1775.00416
5370,2025-05-25,C073,Customer_073,Hyderabad,Consumer,Electronics,Keyboard,6.0,1904.17,0.086,CARD,Mobile App,5.0,4.0,No,11425.02,982.5517199999999,10442.468280000001
5500,2025-05-25,C068,Customer_068,Bengaluru,Consumer,Electronics,Monitor,1.0,12364.77,0.035,UPI,Mobile App,4.0,4.0,No,12364.77,432.76695000000007,11932.003050000001
5438,2025-05-26,C095,Customer_095,Bengaluru,Corporate,Home,Desk,4.0,6664.5,0.081,CASH,Mobile App,5.0,4.0,No,26658.0,2159.2980000000002,24498.702
5286,2025-05-27,C094,Customer_094,Bengaluru,Small Business,Electronics,Mouse,5.0,901.68,0.0,UPI,Website,4.0,5.0,No,4508.4,0.0,4508.4
5432,2025-05-27,C023,Customer_023,Hyderabad,Small Business,Electronics,Monitor,6.0,12816.72,0.0,CARD,Store,1.0,5.0,No,76900.31999999999,0.0,76900.31999999999
5435,2025-05-28,C072,Customer_072,Bengaluru,Consumer,Home,Desk,6.0,7981.89,0.1,UPI,Mobile App,4.0,3.0,No,47891.340000000004,4789.134000000001,43102.206000000006
5308,2025-05-28,C083,Customer_083,Mumbai,Consumer,Office,Pen,1.0,22.89,0.019,CARD,Store,7.0,3.0,No,22.89,0.43491,22.455090000000002
5411,2025-05-28,C012,Customer_012,Hyderabad,Small Business,Office,Printer Paper,1.0,328.01,0.121,UPI,Store,7.0,5.0,No,328.01,39.689209999999996,288.32079
5394,2025-05-28,C015,Customer_015,Delhi,Corporate,Office,Notebook,2.0,121.4,0.157,UPI,Website,5.0,5.0,No,242.8,38.119600000000005,204.68040000000002
5035,2025-05-29,C116,Customer_116,Hyderabad,Small Business,Accessories,USB Cable,1.0,449.17,0.157,CARD,Website,3.0,3.0,No,449.17,70.51969,378.65031
5262,2025-05-29,C092,Customer_092,Mumbai,Corporate,Home,Table Fan,2.0,2162.2,0.129,CARD,Store,3.0,5.0,No,4324.4,557.8475999999999,3766.5523999999996
5599,2025-05-30,C051,Customer_051,Chennai,Consumer,Electronics,Headset,3.0,2322.46,0.031,UPI,Website,1.0,4.0,Yes,6967.38,215.98878,6751.39122
5380,2025-05-30,C097,Customer_097,Bengaluru,Consumer,Office,Notebook,7.0,119.75,0.046,CASH,Mobile App,6.0,4.0,No,838.25,38.5595,799.6905
5392,2025-05-31,C025,Customer_025,Mumbai,Consumer,Home,Table Fan,3.0,2116.93,0.195,UPI,Store,6.0,4.0,No,6350.789999999999,1238.4040499999999,5112.385949999999
5536,2025-05-31,C101,Customer_101,Hyderabad,Consumer,Home,Chair,3.0,4152.53,0.107,UPI,Website,3.0,5.0,No,12457.59,1332.96213,11124.62787
5405,2025-06-01,C098,Customer_098,Chennai,Consumer,Home,Desk,8.0,6279.92,0.077,UPI,Store,7.0,4.0,No,50239.36,3868.43072,46370.929280000004
5581,2025-06-01,C093,Customer_093,Delhi,Consumer,Office,Notebook,5.0,133.58,0.034,CARD,Store,3.0,3.0,No,667.9000000000001,22.708600000000004,645.1914
5082,2025-06-03,C006,Customer_006,Hyderabad,Consumer,Home,Table Fan,1.0,2051.97,0.047,CARD,Website,5.0,4.0,No,2051.97,96.44259,1955.5274099999997
5329,2025-06-03,C047,Customer_047,Bengaluru,Small Business,Electronics,Mouse,6.0,820.52,0.159,UPI,Mobile App,2.0,3.0,No,4923.12,782.77608,4140.34392
5489,2025-06-04,C111,Customer_111,Delhi,Consumer,Office,Marker,6.0,60.06,0.08,CARD,Website,6.0,4.0,No,360.36,28.8288,331.5312
5045,2025-06-04,C039,Customer_039,Chennai,Corporate,Accessories,Phone Case,3.0,653.19,0.077,UPI,Store,7.0,4.0,No,1959.5700000000002,150.88689000000002,1808.6831100000002
5191,2025-06-04,C115,Customer_115,Chennai,Small Business,Home,Table Fan,1.0,2226.35,0.103,UPI,Website,3.0,3.0,Yes,2226.35,229.31404999999998,1997.03595
5128,2025-06-05,C062,Customer_062,Delhi,Small Business,Accessories,Phone Case,6.0,568.33,0.083,UPI,Store,8.0,3.0,No,3409.9800000000005,283.02834000000007,3126.9516600000006
5110,2025-06-06,C102,Customer_102,Mumbai,Consumer,Electronics,Headset,7.0,2176.915,0.087,CASH,Mobile App,9.0,3.0,No,15238.404999999999,1325.7412349999997,13912.663765
5338,2025-06-06,C013,Customer_013,Mumbai,Corporate,Home,Chair,7.0,4530.71,0.125,UPI,Website,6.0,3.0,No,31714.97,3964.37125,27750.59875
5293,2025-06-07,C001,Customer_001,Mumbai,Corporate,Home,Desk,8.0,6428.7,0.095,CARD,Website,6.0,5.0,No,51429.6,4885.812,46543.788
5340,2025-06-07,C120,Customer_120,Mumbai,Consumer,Office,Stapler,2.0,175.0,0.094,CARD,Website,6.0,4.0,No,350.0,32.9,317.1
5054,2025-06-08,C035,Customer_035,Delhi,Consumer,Office,Stapler,3.0,171.64,0.076,CARD,Mobile App,6.0,3.0,No,514.92,39.133919999999996,475.78607999999997
5445,2025-06-08,C030,Customer_030,Mumbai,Consumer,Electronics,Webcam,1.0,2450.17,0.019,CARD,Website,6.0,4.0,No,2450.17,46.55323,2403.61677
5381,2025-06-08,C117,Customer_117,Mumbai,Consumer,Electronics,Mouse,2.0,902.9,0.0,UPI,Mobile App,4.0,5.0,No,1805.8,0.0,1805.8
5119,2025-06-08,C076,Customer_076,Bengaluru,Consumer,Office,Pen,5.0,24.31,0.1,UPI,Website,4.0,4.0,No,121.55,12.155000000000001,109.395
5074,2025-06-09,C039,Customer_039,Chennai,Corporate,Accessories,Laptop Stand,1.0,1362.08,0.045,CARD,Website,5.0,4.0,No,1362.08,61.2936,1300.7864
5036,2025-06-09,C013,Customer_013,Mumbai,Corporate,Home,Chair,6.0,4442.12,0.091,CARD,Website,2.0,4.0,No,26652.72,2425.39752,24227.322480000003
5224,2025-06-10,C021,Customer_021,Mumbai,Consumer,Electronics,Monitor,3.0,11679.7,0.062,CARD,Mobile App,5.0,4.0,No,35039.100000000006,2172.4242000000004,32866.675800000005
5201,2025-06-10,C087,Customer_087,Mumbai,Consumer,Electronics,Webcam,4.0,2567.95,0.051,UPI,Mobile App,2.0,2.0,No,10271.8,523.8617999999999,9747.938199999999
5245,2025-06-10,C095,Customer_095,Bengaluru,Corporate,Accessories,USB Cable,3.0,452.56,0.129,CASH,Mobile App,6.0,3.0,No,1357.68,175.14072000000002,1182.53928
5476,2025-06-11,C074,Customer_074,Bengaluru,Small Business,Electronics,Headset,1.0,2160.45,0.089,UPI,Mobile App,2.0,3.0,No,2160.45,192.28005,1968.1699499999997
5200,2025-06-13,C113,Customer_113,Bengaluru,Small Business,Home,Chair,1.0,4081.22,0.077,UPI,Website,6.0,4.0,No,4081.22,314.25394,3766.9660599999997
5263,2025-06-14,C077,Customer_077,Bengaluru,Corporate,Accessories,Power Bank,2.0,1736.71,0.072,UPI,Website,4.0,2.0,No,3473.42,250.08623999999998,3223.33376
5573,2025-06-15,C061,Customer_061,Mumbai,Small Business,Office,Notebook,5.0,116.72,0.077,UPI,Mobile App,3.0,4.0,No,583.6,44.937200000000004,538.6628000000001
5517,2025-06-15,C064,Customer_064,Mumbai,Consumer,Accessories,Power Bank,1.0,1992.06,0.076,NET BANKING,Website,4.0,3.0,No,1992.06,151.39656,1840.66344
5563,2025-06-16,C050,Customer_050,Chennai,Small Business,Office,Printer Paper,1.0,361.57,0.094,CARD,Website,6.0,5.0,No,361.57,33.98758,327.58242
5111,2025-06-16,C097,Customer_097,Bengaluru,Consumer,Home,Lamp,6.0,849.97,0.1,UPI,Website,3.0,5.0,No,5099.82,509.98199999999997,4589.838
5136,2025-06-17,C077,Customer_077,Bengaluru,Corporate,Home,Lamp,4.0,793.02,0.089,CARD,Website,5.0,4.0,No,3172.08,282.31512,2889.7648799999997
5252,2025-06-18,C051,Customer_051,Chennai,Consumer,Home,Table Fan,6.0,2085.0,0.084,CASH,Mobile App,5.0,4.0,No,12510.0,1050.8400000000001,11459.16
5412,2025-06-19,C086,Customer_086,Chennai,Consumer,Electronics,Webcam,6.0,2380.28,0.063,CARD,Website,5.0,5.0,No,14281.68,899.74584,13381.93416
5406,2025-06-20,C089,Customer_089,Chennai,Consumer,Electronics,Mouse,3.0,861.45,0.2,UPI,Mobile App,7.0,4.0,No,2584.3500000000004,516.8700000000001,2067.4800000000005
5259,2025-06-21,C089,Customer_089,Chennai,Consumer,Office,Marker,7.0,56.31,0.052,CASH,Mobile App,3.0,5.0,No,394.17,20.49684,373.67316
5096,2025-06-21,C045,Customer_045,Hyderabad,Corporate,Electronics,Headset,5.0,2236.15,0.045,CARD,Website,6.0,4.0,No,11180.75,503.13374999999996,10677.61625
5033,2025-06-22,C101,Customer_101,Hyderabad,Consumer,Home,Desk,1.0,7015.76,0.046,NET BANKING,Mobile App,7.0,4.0,No,7015.76,322.72496,6693.035040000001
5530,2025-06-22,C063,Customer_063,Delhi,Consumer,Home,Chair,7.0,4540.75,0.072,UPI,Mobile App,4.0,3.0,No,31785.25,2288.538,29496.712
5243,2025-06-22,C102,Customer_102,Mumbai,Consumer,Home,Chair,8.0,4283.56,0.034,CARD,Website,5.0,4.0,No,34268.48,1165.1283200000003,33103.35168
5571,2025-06-23,C061,Customer_061,Mumbai,Small Business,Electronics,Monitor,7.0,12339.29,0.007,CARD,Website,6.0,4.0,No,86375.03,604.62521,85770.40479
5100,2025-06-23,C013,Customer_013,Mumbai,Corporate,Accessories,Phone Case,3.0,588.22,0.068,CARD,Mobile App,3.0,4.0,No,1764.66,119.99688000000002,1644.6631200000002
5080,2025-06-24,C103,Customer_103,Bengaluru,Corporate,Electronics,Keyboard,8.0,1654.55,0.066,UPI,Website,2.0,3.0,No,13236.4,873.6024,12362.7976
5382,2025-06-24,C112,Customer_112,Chennai,Consumer,Accessories,Power Bank,4.0,1567.15,0.078,UPI,Mobile App,4.0,4.0,No,6268.6,488.9508,5779.649200000001
5176,2025-06-24,C064,Customer_064,Mumbai,Consumer,Electronics,Mouse,6.0,866.73,0.124,UPI,Website,4.0,4.0,No,5200.38,644.84712,4555.53288
5258,2025-06-24,C041,Customer_041,Delhi,Consumer,Electronics,Mouse,1.0,911.63,0.028,CARD,Store,1.0,3.0,No,911.63,25.52564,886.10436
5547,2025-06-25,C010,Customer_010,Delhi,Corporate,Office,Pen,3.0,26.41,0.054,CARD,Website,5.0,3.0,No,79.23,4.278420000000001,74.95158
5192,2025-06-25,C074,Customer_074,Bengaluru,Small Business,Electronics,Monitor,2.0,11329.1,0.029,NET BANKING,Store,6.0,5.0,No,22658.2,657.0878,22001.1122
5078,2025-06-27,C106,Customer_106,Mumbai,Small Business,Home,Chair,7.0,4802.27,0.086,UPI,Website,4.0,5.0,No,33615.89,2890.96654,30724.923459999998
5135,2025-06-28,C083,Customer_083,Mumbai,Consumer,Office,Pen,8.0,25.09,0.0,UPI,Mobile App,3.0,4.0,No,200.72,0.0,200.72
5261,2025-06-29,C099,Customer_099,Chennai,Small Business,Office,Pen,4.0,23.2,0.119,UPI,Website,6.0,4.0,No,92.8,11.043199999999999,81.7568
5570,2025-06-30,C015,Customer_015,Delhi,Corporate,Electronics,Keyboard,4.0,1865.71,0.067,UPI,Store,7.0,4.0,No,7462.84,500.01028,6962.82972
5097,2025-06-30,C112,Customer_112,Chennai,Consumer,Office,Stapler,2.0,176.75,0.006,CARD,Website,9.0,4.0,No,353.5,2.121,351.379
5260,2025-06-30,C108,Customer_108,Bengaluru,Corporate,Office,Marker,2.0,63.27,0.049,UPI,Store,9.0,5.0,No,126.54,6.2004600000000005,120.33954
5068,2025-07-01,C071,Customer_071,Chennai,Small Business,Electronics,Webcam,7.0,2342.22,0.051,NET BANKING,Mobile App,5.0,4.0,No,16395.539999999997,836.1725399999998,15559.367459999998
5236,2025-07-01,C096,Customer_096,Mumbai,Corporate,Accessories,Power Bank,2.0,1706.78,0.028,UPI,Mobile App,6.0,5.0,No,3413.56,95.57968,3317.98032
5494,2025-07-03,C057,Customer_057,Delhi,Consumer,Accessories,Phone Case,1.0,626.14,0.025,UPI,Store,8.0,5.0,No,626.14,15.653500000000001,610.4865
5132,2025-07-04,C056,Customer_056,Mumbai,Consumer,Office,Notebook,4.0,113.69,0.026,CARD,Website,8.0,4.0,No,454.76,11.82376,442.93624
5496,2025-07-04,C028,Customer_028,Chennai,Consumer,Office,Pen,3.0,23.5,0.054,NET BANKING,Mobile App,4.0,3.0,No,70.5,3.807,66.693
5497,2025-07-04,C012,Customer_012,Hyderabad,Small Business,Home,Desk,6.0,7015.46,0.056,UPI,Mobile App,7.0,4.0,No,42092.76,2357.1945600000004,39735.56544
5249,2025-07-04,C059,Customer_059,Chennai,Small Business,Office,Notebook,7.0,107.02,0.108,CARD,Store,7.0,3.0,No,749.14,80.90711999999999,668.23288
5072,2025-07-05,C048,Customer_048,Bengaluru,Small Business,Office,Printer Paper,2.0,330.73,0.102,UPI,Mobile App,4.0,5.0,No,661.46,67.46892,593.99108
5021,2025-07-05,C014,Customer_014,Hyderabad,Consumer,Electronics,Keyboard,1.0,1742.93,0.121,UPI,Mobile App,2.0,3.0,No,1742.93,210.89453,1532.03547
5079,2025-07-07,C096,Customer_096,Mumbai,Corporate,Electronics,Webcam,2.0,2544.54,0.06,CASH,Website,6.0,3.0,No,5089.08,305.34479999999996,4783.7352
5431,2025-07-07,C093,Customer_093,Delhi,Consumer,Electronics,Monitor,1.0,12107.17,0.099,CARD,Mobile App,6.0,4.0,No,12107.17,1198.60983,10908.56017
5541,2025-07-08,C007,Customer_007,Mumbai,Consumer,Electronics,Mouse,4.0,895.13,0.044,UPI,Website,4.0,3.0,No,3580.52,157.54288,3422.97712
5070,2025-07-09,C082,Customer_082,Bengaluru,Small Business,Home,Desk,2.0,6488.98,0.032,UPI,Mobile App,4.0,5.0,No,12977.96,415.29472,12562.66528
5364,2025-07-09,C005,Customer_005,Chennai,Consumer,Home,Lamp,7.0,776.2,0.118,CASH,Mobile App,4.0,3.0,No,5433.400000000001,641.1412,4792.2588000000005
5457,2025-07-10,C019,Customer_019,Hyderabad,Corporate,Office,Marker,2.0,56.13,0.09,CARD,Website,1.0,3.0,No,112.26,10.1034,102.1566
5512,2025-07-10,C066,Customer_066,Delhi,Corporate,Electronics,Monitor,4.0,12958.13,0.11,CARD,Mobile App,5.0,4.0,No,51832.52,5701.5772,46130.9428
5589,2025-07-11,C041,Customer_041,Delhi,Consumer,Office,Stapler,7.0,183.92,0.123,UPI,Store,5.0,5.0,No,1287.4399999999998,158.35511999999997,1129.0848799999999
5385,2025-07-12,C102,Customer_102,Mumbai,Consumer,Electronics,Keyboard,7.0,1841.8,0.078,UPI,Website,4.0,2.0,No,12892.6,1005.6228,11886.977200000001
5480,2025-07-12,C050,Customer_050,Chennai,Small Business,Home,Lamp,3.0,874.53,0.102,CASH,Mobile App,7.0,4.0,No,2623.59,267.60618,2355.9838200000004
5069,2025-07-13,C062,Customer_062,Delhi,Small Business,Office,Pen,1.0,24.78,0.093,UPI,Mobile App,2.0,4.0,No,24.78,2.3045400000000003,22.47546
5598,2025-07-13,C020,Customer_020,Mumbai,Consumer,Home,Table Fan,8.0,2353.77,0.012,CARD,Website,5.0,4.0,No,18830.16,225.96192,18604.19808
5164,2025-07-13,C058,Customer_058,Delhi,Small Business,Accessories,USB Cable,6.0,467.7,0.06,UPI,Mobile App,4.0,4.0,No,2806.2,168.37199999999999,2637.828
5137,2025-07-14,C030,Customer_030,Mumbai,Consumer,Accessories,Phone Case,3.0,614.93,0.051,CARD,Website,2.0,4.0,No,1844.79,94.08429,1750.70571
5016,2025-07-16,C050,Customer_050,Chennai,Small Business,Electronics,Headset,4.0,2284.61,0.09,UPI,Website,6.0,4.0,No,9138.44,822.4596,8315.9804
5419,2025-07-16,C009,Customer_009,Chennai,Consumer,Home,Chair,8.0,4430.01,0.0,UPI,Website,2.0,4.0,No,35440.08,0.0,35440.08
5587,2025-07-16,C112,Customer_112,Chennai,Consumer,Home,Lamp,6.0,864.12,0.119,UPI,Website,8.0,5.0,No,5184.72,616.98168,4567.73832
5231,2025-07-16,C082,Customer_082,Bengaluru,Small Business,Electronics,Monitor,3.0,11737.08,0.118,CARD,Website,4.0,3.0,No,35211.24,4154.92632,31056.31368
5465,2025-07-16,C016,Customer_016,Chennai,Consumer,Office,Notebook,2.0,113.2,0.035,UPI,Mobile App,3.0,4.0,No,226.4,7.924000000000001,218.476
5044,2025-07-17,C099,Customer_099,Chennai,Small Business,Home,Desk,3.0,6836.77,0.031,UPI,Store,3.0,3.0,No,20510.31,635.81961,19874.490390000003
5461,2025-07-17,C083,Customer_083,Mumbai,Consumer,Electronics,Monitor,7.0,11892.91,0.124,UPI,Website,2.0,3.0,No,83250.37,10323.04588,72927.32411999999
5597,2025-07-19,C086,Customer_086,Chennai,Consumer,Home,Desk,7.0,6820.83,0.115,UPI,Store,8.0,4.0,No,47745.81,5490.76815,42255.041849999994
5186,2025-07-20,C084,Customer_084,Chennai,Consumer,Electronics,Monitor,7.0,12157.39,0.072,UPI,Website,6.0,3.0,No,85101.73,6127.324559999999,78974.40544
5266,2025-07-21,C044,Customer_044,Bengaluru,Consumer,Electronics,Keyboard,8.0,1770.74,0.092,CASH,Mobile App,8.0,5.0,No,14165.92,1303.2646399999999,12862.65536
5296,2025-07-23,C115,Customer_115,Chennai,Small Business,Office,Pen,8.0,25.35,0.137,CARD,Mobile App,5.0,5.0,Yes,202.8,27.783600000000003,175.0164
5153,2025-07-25,C053,Customer_053,Mumbai,Consumer,Electronics,Monitor,7.0,12996.03,0.037,UPI,Mobile App,4.0,4.0,No,90972.21,3365.97177,87606.23823
5379,2025-07-25,C081,Customer_081,Mumbai,Corporate,Home,Desk,2.0,6459.83,0.15,UPI,Store,6.0,5.0,No,12919.66,1937.9489999999998,10981.711
5335,2025-07-25,C094,Customer_094,Bengaluru,Small Business,Office,Notebook,6.0,116.45,0.016,CASH,Store,3.0,5.0,No,698.7,11.179200000000002,687.5208
5568,2025-07-25,C073,Customer_073,Hyderabad,Consumer,Home,Lamp,1.0,874.36,0.041,CARD,Website,7.0,4.0,No,874.36,35.84876,838.51124
5003,2025-07-25,C031,Customer_031,Mumbai,Small Business,Accessories,Laptop Stand,1.0,1417.11,0.038,UPI,Website,5.0,5.0,No,1417.11,53.850179999999995,1363.25982
5264,2025-07-27,C033,Customer_033,Bengaluru,Consumer,Office,Pen,3.0,25.25,0.152,UPI,Mobile App,5.0,5.0,No,75.75,11.514,64.236
5012,2025-07-27,C105,Customer_105,Mumbai,Consumer,Electronics,Keyboard,2.0,1910.69,0.132,CARD,Store,2.0,4.0,No,3821.38,504.42216,3316.95784
5356,2025-07-28,C094,Customer_094,Bengaluru,Small Business,Accessories,USB Cable,8.0,481.29,0.065,UPI,Store,3.0,4.0,No,3850.32,250.2708,3600.0492000000004
5355,2025-07-28,C103,Customer_103,Bengaluru,Corporate,Office,Notebook,3.0,111.18,0.081,UPI,Website,3.0,4.0,No,333.54,27.016740000000002,306.52326
5347,2025-07-31,C082,Customer_082,Bengaluru,Small Business,Home,Table Fan,3.0,2099.23,0.042,UPI,Website,6.0,5.0,No,6297.6900000000005,264.50298000000004,6033.18702
5257,2025-07-31,C088,Customer_088,Delhi,Corporate,Electronics,Keyboard,3.0,1729.37,0.047,CARD,Mobile App,7.0,3.0,No,5188.11,243.84116999999998,4944.26883
5195,2025-08-01,C075,Customer_075,Chennai,Consumer,Electronics,Monitor,3.0,11912.62,0.105,CASH,Store,5.0,5.0,No,35737.86,3752.4753,31985.384700000002
5498,2025-08-01,C069,Customer_069,Chennai,Corporate,Home,Table Fan,8.0,2222.84,0.117,NET BANKING,Website,2.0,3.0,No,17782.72,2080.5782400000003,15702.14176
5067,2025-08-03,C052,Customer_052,Chennai,Consumer,Accessories,Laptop Stand,8.0,1311.2,0.079,UPI,Store,6.0,2.0,No,10489.6,828.6784,9660.9216
5086,2025-08-05,C029,Customer_029,Chennai,Consumer,Home,Chair,1.0,3842.18,0.104,CARD,Store,5.0,2.0,No,3842.18,399.58671999999996,3442.59328
5139,2025-08-07,C008,Customer_008,Mumbai,Consumer,Electronics,Keyboard,4.0,1809.5,0.035,CASH,Website,1.0,5.0,No,7238.0,253.33,6984.67
5535,2025-08-07,C063,Customer_063,Delhi,Consumer,Accessories,USB Cable,1.0,420.91,0.114,CARD,Mobile App,3.0,4.0,No,420.91,47.983740000000004,372.92626
5127,2025-08-07,C039,Customer_039,Chennai,Corporate,Accessories,Laptop Stand,5.0,1454.14,0.073,UPI,Store,3.0,5.0,No,7270.700000000001,530.7611,6739.938900000001
5093,2025-08-07,C034,Customer_034,Bengaluru,Corporate,Electronics,Monitor,5.0,13261.64,0.142,UPI,Mobile App,4.0,4.0,No,66308.2,9415.764399999998,56892.4356
5467,2025-08-08,C117,Customer_117,Mumbai,Consumer,Accessories,USB Cable,4.0,467.1,0.057,CARD,Store,3.0,3.0,Yes,1868.4,106.4988,1761.9012
5423,2025-08-08,C027,Customer_027,Delhi,Consumer,Electronics,Keyboard,3.0,1883.43,0.198,UPI,Website,7.0,3.0,No,5650.29,1118.7574200000001,4531.53258
5543,2025-08-08,C105,Customer_105,Mumbai,Consumer,Accessories,USB Cable,5.0,441.77,0.113,UPI,Mobile App,5.0,2.0,No,2208.85,249.60005,1959.24995
5569,2025-08-09,C081,Customer_081,Chennai,Corporate,Accessories,Laptop Stand,5.0,1466.31,0.214,CARD,Store,5.0,4.0,No,7331.549999999999,1568.9516999999998,5762.5983
5556,2025-08-10,C090,Customer_090,Delhi,Consumer,Home,Desk,5.0,7283.56,0.093,CARD,Website,7.0,4.0,No,36417.8,3386.8554000000004,33030.9446
5290,2025-08-10,C046,Customer_046,Mumbai,Consumer,Electronics,Headset,4.0,2226.19,0.053,UPI,Website,5.0,4.0,No,8904.76,471.95228,8432.80772
5345,2025-08-11,C075,Customer_075,Chennai,Consumer,Electronics,Headset,8.0,2287.12,0.139,UPI,Website,5.0,5.0,No,18296.96,2543.2774400000003,15753.68256
5545,2025-08-11,C099,Customer_099,Chennai,Small Business,Accessories,Phone Case,8.0,570.98,0.083,CARD,Website,5.0,3.0,No,4567.84,379.13072000000005,4188.70928
5091,2025-08-12,C114,Customer_114,Delhi,Corporate,Accessories,USB Cable,7.0,407.02,0.0,UPI,Mobile App,5.0,5.0,No,2849.14,0.0,2849.14
5244,2025-08-12,C015,Customer_015,Chennai,Corporate,Office,Marker,5.0,55.41,0.129,CARD,Mobile App,4.0,3.0,No,277.04999999999995,35.73945,241.31054999999995
5537,2025-08-13,C047,Customer_047,Bengaluru,Small Business,Office,Printer Paper,2.0,383.24,0.092,UPI,Mobile App,4.0,4.0,No,766.48,70.51616,695.96384
5297,2025-08-13,C051,Customer_051,Chennai,Consumer,Office,Pen,6.0,26.45,0.08,CARD,Website,4.0,3.0,No,158.7,12.696,146.004
5451,2025-08-13,C065,Customer_065,Mumbai,Corporate,Office,Stapler,6.0,190.11,0.038,CARD,Store,4.0,4.0,No,1140.66,43.34508,1097.31492
5047,2025-08-14,C111,Customer_111,Delhi,Consumer,Electronics,Keyboard,3.0,1658.33,0.137,UPI,Store,7.0,3.0,No,4974.99,681.57363,4293.41637
5464,2025-08-14,C057,Customer_057,Delhi,Consumer,Electronics,Headset,1.0,2131.16,0.033,NET BANKING,Website,7.0,4.0,No,2131.16,70.32827999999999,2060.8317199999997
5024,2025-08-14,C105,Customer_105,Mumbai,Consumer,Office,Stapler,8.0,191.31,0.121,CARD,Store,5.0,3.0,No,1530.48,185.18807999999999,1345.2919200000001
5037,2025-08-15,C106,Customer_106,Mumbai,Small Business,Accessories,USB Cable,8.0,411.07,0.052,UPI,Website,5.0,5.0,No,3288.56,171.00511999999998,3117.55488
5487,2025-08-15,C073,Customer_073,Hyderabad,Consumer,Accessories,Laptop Stand,7.0,1315.8,0.143,UPI,Store,6.0,3.0,No,9210.6,1317.1158,7893.484200000001
5241,2025-08-16,C017,Customer_017,Delhi,Small Business,Electronics,Mouse,4.0,837.26,0.0,CARD,Website,8.0,4.0,No,3349.04,0.0,3349.04
5027,2025-08-17,C064,Customer_064,Mumbai,Consumer,Office,Pen,5.0,27.88,0.0,UPI,Website,4.0,4.0,No,139.4,0.0,139.4
5146,2025-08-17,C028,Customer_028,Chennai,Consumer,Home,Desk,8.0,7369.16,0.057,CARD,Website,3.0,4.0,No,58953.28,3360.33696,55592.94304
5018,2025-08-17,C045,Customer_045,Hyderabad,Corporate,Home,Lamp,7.0,798.35,0.035,CARD,Mobile App,2.0,4.0,No,5588.45,195.59575,5392.854249999999
5129,2025-08-18,C117,Customer_117,Mumbai,Consumer,Electronics,Mouse,8.0,936.38,0.086,CARD,Website,3.0,3.0,No,7491.04,644.22944,6846.81056
5237,2025-08-18,C063,Customer_063,Delhi,Consumer,Office,Printer Paper,1.0,377.16,0.08,CASH,Store,6.0,5.0,No,377.16,30.172800000000002,346.98720000000003
5291,2025-08-18,C079,Customer_079,Delhi,Consumer,Office,Stapler,2.0,171.71,0.038,CARD,Mobile App,4.0,3.0,No,343.42,13.04996,330.37004
5305,2025-08-18,C058,Customer_058,Delhi,Small Business,Electronics,Keyboard,6.0,1728.09,0.0,CARD,Website,3.0,4.0,No,10368.539999999999,0.0,10368.539999999999
5116,2025-08-19,C097,Customer_097,Bengaluru,Consumer,Home,Desk,7.0,7115.0,0.139,CARD,Mobile App,3.0,5.0,No,49805.0,6922.895,42882.104999999996
5437,2025-08-19,C066,Customer_066,Delhi,Corporate,Home,Lamp,3.0,866.53,0.071,UPI,Mobile App,3.0,4.0,No,2599.59,184.57089,2415.01911
5112,2025-08-21,C109,Customer_109,Chennai,Corporate,Accessories,USB Cable,7.0,451.07,0.0,CARD,Website,5.0,4.0,No,3157.49,0.0,3157.49
5090,2025-08-21,C069,Customer_069,Chennai,Corporate,Accessories,USB Cable,7.0,479.95,0.105,UPI,Store,7.0,4.0,No,3359.65,352.76324999999997,3006.88675
5528,2025-08-21,C061,Customer_061,Mumbai,Small Business,Office,Pen,8.0,23.35,0.117,UPI,Website,5.0,5.0,No,186.8,21.855600000000003,164.9444
5421,2025-08-21,C001,Customer_001,Mumbai,Corporate,Office,Stapler,2.0,181.16,0.066,CARD,Website,5.0,5.0,Yes,362.32,23.91312,338.40688
5444,2025-08-22,C018,Customer_018,Chennai,Consumer,Home,Lamp,6.0,845.16,0.109,UPI,Mobile App,4.0,3.0,Yes,5070.96,552.73464,4518.22536
5267,2025-08-23,C064,Customer_064,Mumbai,Consumer,Office,Printer Paper,4.0,345.04,0.039,CARD,Store,5.0,4.0,No,1380.16,53.826240000000006,1326.33376
5238,2025-08-23,C060,Customer_060,Chennai,Corporate,Electronics,Mouse,6.0,827.09,0.074,UPI,Website,4.0,4.0,Yes,4962.54,367.22796,4595.31204
5386,2025-08-23,C084,Customer_084,Chennai,Consumer,Electronics,Mouse,5.0,837.7,0.051,UPI,Website,4.0,4.0,No,4188.5,213.6135,3974.8865
5106,2025-08-25,C111,Customer_111,Delhi,Consumer,Accessories,Power Bank,5.0,1767.12,0.062,UPI,Website,6.0,4.0,No,8835.599999999999,547.8071999999999,8287.7928
5025,2025-08-26,C033,Customer_033,Bengaluru,Consumer,Office,Stapler,4.0,164.9,0.05,UPI,Store,3.0,5.0,Yes,659.6,32.980000000000004,626.62
5393,2025-08-27,C014,Customer_014,Hyderabad,Consumer,Home,Table Fan,7.0,2261.75,0.076,UPI,Website,5.0,4.0,No,15832.25,1203.251,14628.999
5050,2025-08-27,C111,Customer_111,Delhi,Consumer,Electronics,Monitor,3.0,12067.25,0.069,CARD,Store,4.0,3.0,No,36201.75,2497.92075,33703.82925
5529,2025-08-29,C089,Customer_089,Chennai,Consumer,Electronics,Webcam,8.0,2535.14,0.047,UPI,Mobile App,7.0,3.0,No,20281.12,953.21264,19327.907359999997
5017,2025-08-29,C015,Customer_015,Delhi,Corporate,Electronics,Monitor,3.0,12415.12,0.139,UPI,Website,1.0,4.0,No,37245.36,5177.10504,32068.25496
5558,2025-08-29,C002,Customer_002,Delhi,Corporate,Accessories,Power Bank,4.0,1911.65,0.099,CARD,Website,1.0,4.0,No,7646.6,757.0134,6889.5866000000005
5120,2025-08-30,C078,Customer_078,Mumbai,Small Business,Home,Desk,5.0,7279.03,0.0,NET BANKING,Mobile App,6.0,5.0,No,36395.15,0.0,36395.15
5279,2025-09-01,C016,Customer_016,Chennai,Consumer,Office,Notebook,7.0,125.54,0.106,CARD,Mobile App,3.0,4.0,No,878.7800000000001,93.15068000000001,785.6293200000001
5313,2025-09-02,C087,Customer_087,Mumbai,Consumer,Accessories,Phone Case,4.0,622.52,0.052,UPI,Mobile App,4.0,5.0,No,2490.08,129.48416,2360.59584
5052,2025-09-03,C020,Customer_020,Mumbai,Consumer,Home,Table Fan,3.0,2135.09,0.051,UPI,Website,7.0,5.0,No,6405.27,326.66877,6078.60123
5122,2025-09-03,C094,Customer_094,Bengaluru,Small Business,Accessories,Phone Case,3.0,617.42,0.074,UPI,Website,5.0,3.0,No,1852.2599999999998,137.06723999999997,1715.19276
5495,2025-09-03,C018,Customer_018,Chennai,Consumer,Home,Desk,7.0,6608.95,0.091,UPI,Website,1.0,3.0,No,46262.65,4209.90115,42052.74885
5353,2025-09-04,C055,Customer_055,Mumbai,Consumer,Electronics,Headset,7.0,2051.77,0.162,CARD,Website,3.0,3.0,No,14362.39,2326.70718,12035.68282
5326,2025-09-05,C094,Customer_094,Bengaluru,Small Business,Accessories,Power Bank,6.0,1814.03,0.0,CARD,Website,3.0,4.0,No,10884.18,0.0,10884.18
5510,2025-09-05,C095,Customer_095,Bengaluru,Corporate,Electronics,Headset,6.0,2139.79,0.047,CARD,Mobile App,8.0,4.0,No,12838.74,603.42078,12235.31922
5312,2025-09-06,C055,Customer_055,Mumbai,Consumer,Electronics,Keyboard,8.0,1928.39,0.12,UPI,Mobile App,1.0,5.0,No,15427.12,1851.2544,13575.865600000001
5388,2025-09-09,C101,Customer_101,Hyderabad,Consumer,Accessories,Power Bank,5.0,1910.42,0.096,UPI,Website,6.0,3.0,No,9552.1,917.0016,8635.0984
5225,2025-09-13,C016,Customer_016,Chennai,Consumer,Accessories,USB Cable,7.0,477.73,0.059,CARD,Mobile App,7.0,5.0,No,3344.11,197.30249,3146.80751
5341,2025-09-13,C003,Customer_003,Hyderabad,Consumer,Home,Table Fan,1.0,2331.55,0.012,UPI,Mobile App,5.0,4.0,No,2331.55,27.978600000000004,2303.5714000000003
5188,2025-09-15,C104,Customer_104,Hyderabad,Small Business,Electronics,Webcam,8.0,2198.82,0.212,CARD,Store,1.0,5.0,No,17590.56,3729.1987200000003,13861.361280000001
5125,2025-09-15,C100,Customer_100,Hyderabad,Consumer,Home,Lamp,5.0,889.23,0.076,NET BANKING,Mobile App,5.0,4.0,No,4446.15,337.90739999999994,4108.2426
5185,2025-09-16,C072,Customer_072,Bengaluru,Consumer,Electronics,Mouse,6.0,976.79,0.068,CARD,Website,3.0,5.0,No,5860.74,398.53032,5462.20968
5170,2025-09-16,C102,Customer_102,Mumbai,Consumer,Home,Chair,6.0,4443.56,0.097,NET BANKING,Mobile App,3.0,4.0,No,26661.36,2586.1519200000002,24075.20808
5566,2025-09-17,C019,Customer_019,Hyderabad,Corporate,Office,Marker,2.0,60.5,0.073,NET BANKING,Website,2.0,4.0,No,121.0,8.833,112.167
5255,2025-09-17,C025,Customer_025,Mumbai,Consumer,Electronics,Headset,3.0,2232.39,0.109,UPI,Store,3.0,4.0,No,6697.17,729.99153,5967.17847
5271,2025-09-18,C116,Customer_116,Hyderabad,Small Business,Electronics,Webcam,8.0,2486.71,0.063,UPI,Mobile App,3.0,4.0,No,19893.68,1253.30184,18640.37816
5101,2025-09-19,C012,Customer_012,Hyderabad,Small Business,Office,Notebook,4.0,118.93,0.144,CARD,Website,5.0,4.0,No,475.72,68.50368,407.21632
5061,2025-09-19,C086,Customer_086,Chennai,Consumer,Home,Lamp,2.0,965.65,0.095,CASH,Store,7.0,5.0,No,1931.3,183.4735,1747.8265
5089,2025-09-20,C078,Customer_078,Mumbai,Small Business,Office,Notebook,3.0,128.73,0.158,UPI,Store,5.0,3.0,Yes,386.18999999999994,61.01801999999999,325.17197999999996
5213,2025-09-20,C112,Customer_112,Chennai,Consumer,Electronics,Headset,3.0,2257.48,0.067,UPI,Website,7.0,4.0,No,6772.4400000000005,453.7534800000001,6318.68652
5105,2025-09-20,C049,Customer_049,Mumbai,Consumer,Office,Notebook,4.0,123.19,0.077,CARD,Website,3.0,4.0,No,492.76,37.94252,454.81748
5058,2025-09-21,C014,Customer_014,Hyderabad,Consumer,Office,Stapler,2.0,191.87,0.072,UPI,Website,5.0,3.0,No,383.74,27.629279999999998,356.11072
5520,2025-09-21,C062,Customer_062,Delhi,Small Business,Office,Pen,5.0,25.02,0.087,NET BANKING,Website,5.0,5.0,No,125.1,10.8837,114.21629999999999
5167,2025-09-23,C056,Customer_056,Mumbai,Consumer,Office,Printer Paper,1.0,371.51,0.134,CASH,Store,2.0,4.0,No,371.51,49.782340000000005,321.72766
5474,2025-09-23,C052,Customer_052,Chennai,Consumer,Accessories,Phone Case,2.0,569.37,0.09,UPI,Website,3.0,3.0,No,1138.74,102.4866,1036.2534
5400,2025-09-24,C076,Customer_076,Bengaluru,Consumer,Electronics,Keyboard,8.0,1894.05,0.159,CASH,Website,3.0,4.0,No,15152.4,2409.2316,12743.168399999999
5365,2025-09-24,C001,Customer_001,Mumbai,Corporate,Accessories,Laptop Stand,3.0,1544.68,0.065,CARD,Website,4.0,3.0,No,4634.04,301.2126,4332.8274
5151,2025-09-25,C089,Customer_089,Chennai,Consumer,Electronics,Monitor,7.0,11661.27,0.203,UPI,Website,6.0,4.0,No,81628.89,16570.664670000002,65058.22533
5085,2025-09-25,C107,Customer_107,Delhi,Consumer,Accessories,Power Bank,1.0,1810.31,0.057,CARD,Website,3.0,3.0,No,1810.31,103.18767,1707.12233
5134,2025-09-26,C047,Customer_047,Bengaluru,Small Business,Office,Printer Paper,5.0,365.69,0.144,UPI,Website,3.0,3.0,No,1828.45,263.29679999999996,1565.1532000000002
5593,2025-09-26,C091,Customer_091,Chennai,Corporate,Electronics,Headset,3.0,1991.4,0.031,UPI,Website,3.0,4.0,No,5974.200000000001,185.20020000000002,5788.9998000000005
5508,2025-09-26,C038,Customer_038,Delhi,Corporate,Office,Notebook,4.0,127.78,0.023,NET BANKING,Website,3.0,5.0,No,511.12,11.75576,499.36424
5349,2025-09-27,C104,Customer_104,Hyderabad,Small Business,Electronics,Webcam,4.0,2350.85,0.0,UPI,Website,4.0,4.0,No,9403.4,0.0,9403.4
5387,2025-09-27,C099,Customer_099,Chennai,Small Business,Electronics,Keyboard,3.0,1817.11,0.086,CASH,Store,5.0,3.0,No,5451.33,468.81437999999997,4982.51562
5383,2025-09-28,C015,Customer_015,Delhi,Corporate,Office,Notebook,3.0,113.41,0.131,CARD,Website,4.0,4.0,No,340.23,44.570130000000006,295.65987
5315,2025-09-28,C052,Customer_052,Chennai,Consumer,Electronics,Keyboard,6.0,1991.94,0.131,UPI,Store,5.0,4.0,No,11951.64,1565.66484,10385.97516
5140,2025-09-29,C017,Customer_017,Delhi,Small Business,Home,Lamp,2.0,861.2,0.072,CARD,Store,5.0,3.0,No,1722.4,124.0128,1598.3872000000001
5482,2025-09-29,C050,Customer_050,Chennai,Small Business,Office,Marker,2.0,62.17,0.038,UPI,Mobile App,5.0,4.0,No,124.34,4.72492,119.61508
5107,2025-09-30,C083,Customer_083,Mumbai,Consumer,Electronics,Headset,5.0,2145.93,0.15,UPI,Website,5.0,4.0,No,10729.65,1609.4475,9120.2025
5303,2025-09-30,C015,Customer_015,Delhi,Corporate,Office,Pen,6.0,28.32,0.039,CASH,Website,4.0,5.0,No,169.92000000000002,6.626880000000001,163.29312000000002
5592,2025-09-30,C026,Customer_026,Chennai,Consumer,Home,Table Fan,5.0,2328.17,0.099,CARD,Mobile App,7.0,5.0,No,11640.85,1152.44415,10488.405850000001
5372,2025-09-30,C097,Customer_097,Bengaluru,Consumer,Accessories,Power Bank,6.0,1857.31,0.178,CARD,Website,4.0,4.0,No,11143.86,1983.60708,9160.25292
5148,2025-09-30,C045,Customer_045,Hyderabad,Corporate,Accessories,Laptop Stand,1.0,1289.94,0.06,CARD,Website,6.0,5.0,No,1289.94,77.3964,1212.5436
5196,2025-10-01,C088,Customer_088,Delhi,Corporate,Office,Marker,4.0,55.91,0.133,UPI,Website,8.0,5.0,No,223.64,29.74412,193.89587999999998
5586,2025-10-01,C047,Customer_047,Bengaluru,Small Business,Office,Notebook,2.0,127.96,0.082,UPI,Mobile App,4.0,4.0,No,255.92,20.98544,234.93455999999998
5486,2025-10-01,C071,Customer_071,Chennai,Small Business,Home,Desk,4.0,6217.76,0.119,UPI,Mobile App,4.0,5.0,No,24871.04,2959.65376,21911.38624
5577,2025-10-01,C054,Customer_054,Mumbai,Small Business,Electronics,Mouse,2.0,949.05,0.048,UPI,Website,3.0,3.0,No,1898.1,91.1088,1806.9912
5216,2025-10-02,C031,Customer_031,Mumbai,Small Business,Electronics,Keyboard,5.0,1859.6,0.031,NET BANKING,Website,6.0,5.0,No,9298.0,288.238,9009.762
5173,2025-10-02,C025,Customer_025,Mumbai,Consumer,Accessories,USB Cable,4.0,456.36,0.045,CARD,Website,5.0,4.0,No,1825.44,82.1448,1743.2952
5402,2025-10-03,C103,Customer_103,Bengaluru,Corporate,Accessories,USB Cable,2.0,401.18,0.149,UPI,Mobile App,5.0,4.0,Yes,802.36,119.55163999999999,682.80836
5168,2025-10-05,C065,Customer_065,Mumbai,Corporate,Office,Printer Paper,7.0,356.09,0.02,CARD,Mobile App,4.0,4.0,No,2492.6299999999997,49.852599999999995,2442.7773999999995
5466,2025-10-05,C015,Customer_015,Delhi,Corporate,Home,Lamp,8.0,916.36,0.076,CARD,Store,6.0,5.0,No,7330.88,557.14688,6773.73312
5253,2025-10-05,C111,Customer_111,Delhi,Consumer,Home,Table Fan,3.0,2464.13,0.072,CARD,Website,8.0,5.0,No,7392.39,532.25208,6860.13792
5232,2025-10-06,C063,Customer_063,Delhi,Consumer,Office,Stapler,1.0,189.36,0.122,UPI,Website,6.0,4.0,No,189.36,23.10192,166.25808
5063,2025-10-06,C024,Customer_024,Hyderabad,Corporate,Accessories,Phone Case,5.0,602.54,0.027,CASH,Mobile App,6.0,5.0,No,3012.7,81.3429,2931.3570999999997
5265,2025-10-06,C096,Customer_096,Mumbai,Corporate,Electronics,Headset,8.0,2115.46,0.0,UPI,Mobile App,6.0,4.0,No,16923.68,0.0,16923.68
5307,2025-10-07,C004,Customer_004,Mumbai,Consumer,Home,Lamp,2.0,862.84,0.047,UPI,Mobile App,6.0,4.0,No,1725.68,81.10696,1644.57304
5057,2025-10-08,C055,Customer_055,Mumbai,Consumer,Office,Marker,1.0,57.96,0.152,UPI,Website,3.0,4.0,Yes,57.96,8.80992,49.15008
5323,2025-10-08,C062,Customer_062,Delhi,Small Business,Office,Printer Paper,1.0,360.01,0.056,CASH,Store,5.0,4.0,No,360.01,20.16056,339.84944
5367,2025-10-08,C019,Customer_019,Hyderabad,Corporate,Home,Desk,5.0,7159.47,0.0,UPI,Website,7.0,5.0,No,35797.35,0.0,35797.35
5552,2025-10-09,C021,Customer_021,Mumbai,Consumer,Office,Printer Paper,2.0,348.85,0.179,UPI,Website,3.0,4.0,No,697.7,124.8883,572.8117000000001
5042,2025-10-09,C018,Customer_018,Chennai,Consumer,Office,Notebook,4.0,114.1,0.078,CARD,Website,4.0,4.0,No,456.4,35.599199999999996,420.8008
5277,2025-10-09,C089,Customer_089,Chennai,Consumer,Accessories,Power Bank,7.0,1983.23,0.026,UPI,Mobile App,2.0,4.0,No,13882.61,360.94786,13521.66214
5115,2025-10-09,C039,Customer_039,Chennai,Corporate,Accessories,Laptop Stand,4.0,1234.2,0.122,CASH,Website,6.0,4.0,No,4936.8,602.2896000000001,4334.5104
5346,2025-10-09,C011,Customer_011,Bengaluru,Consumer,Home,Desk,2.0,7804.91,0.133,UPI,Website,6.0,5.0,No,15609.82,2076.10606,13533.71394
5507,2025-10-10,C074,Customer_074,Bengaluru,Small Business,Electronics,Keyboard,4.0,1865.32,0.171,CARD,Website,5.0,4.0,Yes,7461.28,1275.87888,6185.4011199999995
5343,2025-10-11,C017,Customer_017,Delhi,Small Business,Accessories,USB Cable,8.0,457.95,0.043,UPI,Mobile App,4.0,3.0,No,3663.6,157.5348,3506.0652
5344,2025-10-11,C079,Customer_079,Delhi,Consumer,Home,Table Fan,5.0,2321.79,0.123,UPI,Website,1.0,5.0,No,11608.95,1427.90085,10181.04915
5121,2025-10-11,C074,Customer_074,Bengaluru,Small Business,Electronics,Monitor,6.0,13199.48,0.095,CARD,Website,5.0,3.0,No,79196.88,7523.703600000001,71673.1764
5600,2025-10-12,C101,Customer_101,Hyderabad,Consumer,Office,Stapler,6.0,207.78,0.044,CARD,Website,6.0,4.0,No,1246.68,54.85392,1191.82608
5549,2025-10-12,C068,Customer_068,Bengaluru,Consumer,Home,Desk,8.0,6739.38,0.0,UPI,Website,3.0,3.0,No,53915.04,0.0,53915.04
5470,2025-10-13,C034,Customer_034,Bengaluru,Corporate,Home,Table Fan,7.0,2571.27,0.056,CARD,Website,7.0,5.0,No,17998.89,1007.9378399999999,16990.95216
5194,2025-10-13,C012,Customer_012,Hyderabad,Small Business,Home,Chair,5.0,4776.62,0.047,NET BANKING,Website,3.0,4.0,No,23883.1,1122.5057,22760.594299999997
5108,2025-10-13,C012,Customer_012,Hyderabad,Small Business,Home,Table Fan,5.0,2212.19,0.128,CASH,Store,4.0,2.0,No,11060.95,1415.8016000000002,9645.1484
5446,2025-10-13,C114,Customer_114,Delhi,Corporate,Accessories,Phone Case,8.0,697.34,0.098,UPI,Store,4.0,4.0,No,5578.72,546.71456,5032.00544
5542,2025-10-15,C009,Customer_009,Chennai,Consumer,Accessories,Power Bank,7.0,1702.53,0.098,UPI,Mobile App,1.0,4.0,No,11917.71,1167.93558,10749.77442
5175,2025-10-15,C067,Customer_067,Delhi,Consumer,Office,Stapler,8.0,173.93,0.0,UPI,Store,2.0,3.0,No,1391.44,0.0,1391.44
5502,2025-10-15,C085,Customer_085,Chennai,Consumer,Office,Stapler,4.0,177.68,0.128,UPI,Mobile App,2.0,4.0,No,710.72,90.97216,619.74784
5443,2025-10-15,C054,Customer_054,Mumbai,Small Business,Office,Notebook,4.0,129.07,0.075,UPI,Website,5.0,5.0,No,516.28,38.721,477.55899999999997
5250,2025-10-16,C079,Customer_079,Delhi,Consumer,Office,Marker,7.0,57.29,0.092,NET BANKING,Mobile App,2.0,4.0,No,401.03,36.89476,364.13523999999995
5274,2025-10-17,C113,Customer_113,Bengaluru,Small Business,Office,Notebook,3.0,118.3,0.112,UPI,Mobile App,3.0,4.0,No,354.9,39.748799999999996,315.15119999999996
5416,2025-10-18,C074,Customer_074,Bengaluru,Small Business,Accessories,Laptop Stand,3.0,1476.54,0.003,UPI,Website,4.0,4.0,No,4429.62,13.28886,4416.33114
5019,2025-10-18,C112,Customer_112,Chennai,Consumer,Office,Pen,8.0,25.19,0.03,UPI,Store,4.0,4.0,No,201.52,6.0456,195.4744
5513,2025-10-18,C024,Customer_024,Hyderabad,Corporate,Electronics,Webcam,6.0,2434.87,0.029,CARD,Website,5.0,4.0,No,14609.22,423.66738,14185.552619999999
5516,2025-10-18,C076,Customer_076,Bengaluru,Consumer,Office,Stapler,1.0,193.95,0.133,CARD,Store,3.0,4.0,No,193.95,25.79535,168.15465
5505,2025-10-19,C071,Customer_071,Chennai,Small Business,Electronics,Headset,5.0,2176.65,0.127,UPI,Mobile App,5.0,4.0,No,10883.25,1382.17275,9501.07725
5177,2025-10-20,C092,Customer_092,Mumbai,Corporate,Office,Stapler,2.0,167.1,0.053,CARD,Store,5.0,4.0,No,334.2,17.7126,316.4874
5157,2025-10-20,C029,Customer_029,Chennai,Consumer,Office,Printer Paper,8.0,364.11,0.131,CASH,Mobile App,6.0,4.0,No,2912.88,381.58728,2531.29272
5103,2025-10-20,C013,Customer_013,Mumbai,Corporate,Electronics,Headset,5.0,2141.52,0.016,UPI,Website,4.0,5.0,No,10707.6,171.32160000000002,10536.278400000001
5022,2025-10-20,C079,Customer_079,Delhi,Consumer,Electronics,Monitor,5.0,12954.72,0.013,UPI,Store,8.0,4.0,No,64773.6,842.0568,63931.5432
5420,2025-10-20,C074,Customer_074,Bengaluru,Small Business,Office,Notebook,1.0,120.45,0.133,UPI,Mobile App,4.0,4.0,No,120.45,16.01985,104.43015
5055,2025-10-22,C070,Customer_070,Delhi,Consumer,Electronics,Mouse,7.0,866.58,0.032,UPI,Mobile App,3.0,5.0,Yes,6066.06,194.11392,5871.946080000001
5366,2025-10-23,C001,Customer_001,Mumbai,Corporate,Office,Notebook,6.0,121.96,0.0,CARD,Mobile App,5.0,4.0,No,731.76,0.0,731.76
5130,2025-10-24,C103,Customer_103,Bengaluru,Corporate,Home,Chair,8.0,4732.34,0.088,NET BANKING,Website,5.0,3.0,No,37858.72,3331.56736,34527.15264
5318,2025-10-24,C056,Customer_056,Mumbai,Consumer,Accessories,Phone Case,1.0,657.25,0.082,CARD,Mobile App,5.0,4.0,No,657.25,53.8945,603.3555
5198,2025-10-25,C011,Customer_011,Bengaluru,Consumer,Home,Chair,5.0,4428.07,0.085,CARD,Store,5.0,3.0,Yes,22140.35,1881.92975,20258.42025
5521,2025-10-25,C097,Customer_097,Bengaluru,Consumer,Accessories,Power Bank,7.0,1789.41,0.015,UPI,Mobile App,3.0,3.0,No,12525.87,187.88805,12337.981950000001
5328,2025-10-25,C014,Customer_014,Hyderabad,Consumer,Office,Pen,4.0,23.0,0.177,CASH,Website,2.0,3.0,Yes,92.0,16.284,75.71600000000001
5575,2025-10-26,C010,Customer_010,Delhi,Corporate,Accessories,Phone Case,6.0,560.74,0.108,UPI,Website,5.0,4.0,No,3364.44,363.35952,3001.08048
5202,2025-10-27,C017,Customer_017,Delhi,Small Business,Electronics,Headset,4.0,2140.6,0.058,CARD,Website,6.0,4.0,No,8562.4,496.6192,8065.7807999999995
5484,2025-10-27,C027,Customer_027,Delhi,Consumer,Office,Notebook,4.0,135.27,0.09,UPI,Mobile App,2.0,5.0,No,541.08,48.6972,492.38280000000003
5104,2025-10-28,C007,Customer_007,Mumbai,Consumer,Electronics,Keyboard,1.0,1795.71,0.028,CARD,Mobile App,6.0,3.0,No,1795.71,50.27988,1745.43012
5065,2025-10-28,C100,Customer_100,Hyderabad,Consumer,Accessories,Phone Case,4.0,572.01,0.144,CASH,Store,3.0,3.0,No,2288.04,329.47776,1958.56224
5289,2025-10-28,C017,Customer_017,Delhi,Small Business,Accessories,Laptop Stand,2.0,1375.65,0.014,CARD,Mobile App,3.0,4.0,No,2751.3,38.5182,2712.7818
5560,2025-10-30,C100,Customer_100,Hyderabad,Consumer,Electronics,Headset,5.0,2243.82,0.074,CARD,Mobile App,5.0,5.0,No,11219.1,830.2134,10388.8866
5501,2025-10-31,C071,Customer_071,Chennai,Small Business,Electronics,Keyboard,3.0,1801.52,0.088,UPI,Store,4.0,5.0,No,5404.5599999999995,475.6012799999999,4928.95872
5247,2025-10-31,C087,Customer_087,Mumbai,Consumer,Accessories,Laptop Stand,6.0,1216.85,0.105,UPI,Mobile App,5.0,4.0,No,7301.099999999999,766.6154999999999,6534.4845
5350,2025-11-01,C004,Customer_004,Chennai,Consumer,Office,Notebook,5.0,124.76,0.151,CARD,Website,3.0,5.0,No,623.8000000000001,94.19380000000001,529.6062000000001
5310,2025-11-01,C002,Customer_002,Delhi,Corporate,Accessories,Laptop Stand,6.0,1392.09,0.084,UPI,Store,8.0,5.0,No,8352.539999999999,701.61336,7650.926639999999
5268,2025-11-02,C038,Customer_038,Delhi,Corporate,Electronics,Mouse,5.0,860.34,0.159,UPI,Mobile App,4.0,4.0,No,4301.7,683.9703,3617.7297
5171,2025-11-02,C059,Customer_059,Chennai,Small Business,Accessories,Power Bank,8.0,1873.28,0.118,UPI,Mobile App,7.0,4.0,No,14986.24,1768.3763199999999,13217.86368
5351,2025-11-03,C030,Customer_030,Mumbai,Consumer,Home,Table Fan,7.0,2265.73,0.06,CASH,Website,5.0,5.0,Yes,15860.11,951.6066,14908.503400000001
5579,2025-11-04,C051,Customer_051,Chennai,Consumer,Electronics,Webcam,2.0,2040.43,0.036,CARD,Website,1.0,2.0,No,4080.86,146.91096,3933.94904
5436,2025-11-06,C056,Customer_056,Mumbai,Consumer,Office,Marker,5.0,58.64,0.042,UPI,Mobile App,7.0,4.0,No,293.2,12.314400000000001,280.8856
5276,2025-11-06,C053,Customer_053,Mumbai,Consumer,Accessories,USB Cable,7.0,452.83,0.233,UPI,Mobile App,5.0,3.0,No,3169.81,738.56573,2431.24427
5454,2025-11-06,C078,Customer_078,Mumbai,Small Business,Electronics,Keyboard,7.0,1793.14,0.074,CARD,Store,4.0,4.0,No,12551.980000000001,928.84652,11623.13348
5039,2025-11-07,C058,Customer_058,Delhi,Small Business,Accessories,Power Bank,7.0,1898.78,0.148,UPI,Store,4.0,5.0,No,13291.46,1967.1360799999998,11324.323919999999
5452,2025-11-07,C084,Customer_084,Chennai,Consumer,Office,Marker,7.0,58.69,0.076,CASH,Website,5.0,5.0,No,410.83,31.22308,379.60692
5114,2025-11-09,C118,Customer_118,Mumbai,Corporate,Electronics,Keyboard,8.0,1589.1,0.024,UPI,Website,8.0,5.0,No,12712.8,305.1072,12407.692799999999
5499,2025-11-10,C043,Customer_043,Mumbai,Consumer,Home,Lamp,4.0,755.33,0.022,UPI,Mobile App,3.0,5.0,No,3021.32,66.46904,2954.85096
5459,2025-11-10,C056,Customer_056,Mumbai,Consumer,Accessories,Laptop Stand,3.0,1450.48,0.104,CARD,Mobile App,4.0,5.0,No,4351.4400000000005,452.54976000000005,3898.8902400000006
5227,2025-11-11,C001,Customer_001,Mumbai,Corporate,Electronics,Mouse,8.0,960.97,0.08,CARD,Website,5.0,4.0,No,7687.76,615.0208,7072.7392
5384,2025-11-11,C093,Customer_093,Delhi,Consumer,Office,Marker,1.0,61.47,0.077,UPI,Store,4.0,4.0,No,61.47,4.73319,56.73681
5576,2025-11-12,C120,Customer_120,Mumbai,Consumer,Electronics,Monitor,5.0,12973.46,0.114,CARD,Website,4.0,4.0,No,64867.299999999996,7394.8722,57472.4278
5026,2025-11-12,C055,Customer_055,Mumbai,Consumer,Office,Notebook,2.0,115.23,0.06,UPI,Store,6.0,3.0,No,230.46,13.8276,216.63240000000002
5023,2025-11-12,C116,Customer_116,Hyderabad,Small Business,Accessories,Phone Case,8.0,551.82,0.0,CARD,Website,5.0,4.0,No,4414.56,0.0,4414.56
5590,2025-11-13,C002,Customer_002,Delhi,Corporate,Accessories,USB Cable,7.0,468.83,0.089,UPI,Mobile App,4.0,4.0,No,3281.81,292.08108999999996,2989.72891
5460,2025-11-13,C062,Customer_062,Delhi,Small Business,Electronics,Keyboard,6.0,1835.91,0.106,CASH,Mobile App,6.0,4.0,No,11015.460000000001,1167.63876,9847.821240000001
5583,2025-11-13,C018,Customer_018,Chennai,Consumer,Accessories,Power Bank,2.0,1585.71,0.133,CARD,Mobile App,4.0,4.0,No,3171.42,421.79886000000005,2749.62114
5240,2025-11-13,C072,Customer_072,Bengaluru,Consumer,Accessories,Power Bank,7.0,1796.4,0.176,UPI,Mobile App,7.0,4.0,No,12574.800000000001,2213.1648,10361.6352
5280,2025-11-15,C088,Customer_088,Delhi,Corporate,Electronics,Mouse,7.0,797.77,0.156,CASH,Website,4.0,3.0,No,5584.389999999999,871.1648399999999,4713.22516
5538,2025-11-16,C060,Customer_060,Chennai,Corporate,Home,Table Fan,4.0,2078.1,0.108,UPI,Mobile App,6.0,4.0,No,8312.4,897.7392,7414.6608
5478,2025-11-16,C077,Customer_077,Bengaluru,Corporate,Accessories,Phone Case,4.0,612.06,0.08,UPI,Website,1.0,4.0,Yes,2448.24,195.8592,2252.3808
5166,2025-11-19,C040,Customer_040,Mumbai,Corporate,Office,Stapler,7.0,195.26,0.086,NET BANKING,Mobile App,6.0,4.0,No,1366.82,117.54651999999999,1249.2734799999998
5359,2025-11-19,C002,Customer_002,Delhi,Corporate,Electronics,Monitor,8.0,12937.33,0.16,UPI,Website,4.0,5.0,No,103498.64,16559.7824,86938.8576
5548,2025-11-19,C034,Customer_034,Bengaluru,Corporate,Office,Stapler,8.0,185.32,0.024,CARD,Website,6.0,4.0,No,1482.56,35.58144,1446.97856
5594,2025-11-20,C064,Customer_064,Mumbai,Consumer,Office,Pen,7.0,25.67,0.005,CASH,Website,4.0,4.0,No,179.69,0.89845,178.79155
5246,2025-11-21,C015,Customer_015,Delhi,Corporate,Home,Lamp,3.0,787.38,0.03,CARD,Store,4.0,3.0,No,2362.14,70.8642,2291.2758
5282,2025-11-21,C067,Customer_067,Delhi,Consumer,Office,Pen,7.0,27.36,0.109,UPI,Mobile App,7.0,5.0,Yes,191.51999999999998,20.87568,170.64432
5150,2025-11-23,C044,Customer_044,Bengaluru,Consumer,Office,Pen,2.0,25.05,0.068,CARD,Store,3.0,4.0,No,50.1,3.4068000000000005,46.693200000000004
5098,2025-11-24,C063,Customer_063,Delhi,Consumer,Office,Notebook,8.0,106.66,0.087,UPI,Website,3.0,4.0,No,853.28,74.23535999999999,779.04464
5363,2025-11-24,C110,Customer_110,Hyderabad,Consumer,Electronics,Keyboard,8.0,1681.97,0.022,CARD,Store,3.0,3.0,No,13455.76,296.02672,13159.73328
5229,2025-11-25,C058,Customer_058,Delhi,Small Business,Electronics,Mouse,5.0,835.61,0.007,UPI,Mobile App,7.0,4.0,No,4178.05,29.246350000000003,4148.80365
5109,2025-11-26,C101,Customer_101,Hyderabad,Consumer,Office,Stapler,2.0,159.25,0.105,UPI,Website,4.0,5.0,No,318.5,33.442499999999995,285.0575
5059,2025-11-26,C065,Customer_065,Mumbai,Corporate,Accessories,USB Cable,7.0,466.98,0.162,UPI,Store,5.0,4.0,No,3268.86,529.55532,2739.30468
5248,2025-11-28,C011,Customer_011,Bengaluru,Consumer,Home,Table Fan,4.0,2149.88,0.075,NET BANKING,Website,3.0,3.0,No,8599.52,644.964,7954.5560000000005
5418,2025-11-28,C007,Customer_007,Mumbai,Consumer,Home,Lamp,6.0,874.96,0.057,CARD,Website,3.0,4.0,No,5249.76,299.23632000000003,4950.52368
5215,2025-11-29,C011,Customer_011,Bengaluru,Consumer,Office,Marker,7.0,61.84,0.124,CASH,Mobile App,5.0,3.0,No,432.88,53.67712,379.20288
5322,2025-11-30,C037,Customer_037,Chennai,Consumer,Office,Pen,8.0,25.87,0.107,CASH,Store,7.0,3.0,No,206.96,22.14472,184.81528
5014,2025-11-30,C073,Customer_073,Hyderabad,Consumer,Accessories,Phone Case,5.0,579.09,0.151,CARD,Website,2.0,5.0,No,2895.4500000000003,437.21295000000003,2458.23705
5504,2025-11-30,C078,Customer_078,Mumbai,Small Business,Office,Stapler,8.0,174.17,0.047,CARD,Mobile App,6.0,3.0,No,1393.36,65.48791999999999,1327.8720799999999
5450,2025-12-01,C070,Customer_070,Delhi,Consumer,Office,Marker,5.0,56.61,0.075,NET BANKING,Website,3.0,3.0,No,283.05,21.22875,261.82125
5522,2025-12-02,C089,Customer_089,Chennai,Consumer,Office,Marker,2.0,57.66,0.039,CARD,Store,4.0,5.0,No,115.32,4.4974799999999995,110.82252
5565,2025-12-02,C086,Customer_086,Chennai,Consumer,Electronics,Mouse,6.0,857.62,0.101,UPI,Website,2.0,5.0,No,5145.72,519.7177200000001,4626.002280000001
5081,2025-12-03,C065,Customer_065,Mumbai,Corporate,Office,Printer Paper,3.0,354.42,0.0,UPI,Mobile App,3.0,3.0,No,1063.26,0.0,1063.26
5321,2025-12-03,C002,Customer_002,Delhi,Corporate,Office,Stapler,6.0,172.87,0.02,CARD,Mobile App,3.0,5.0,No,1037.22,20.744400000000002,1016.4756
5396,2025-12-04,C061,Customer_061,Mumbai,Small Business,Electronics,Mouse,5.0,907.12,0.093,CASH,Store,8.0,4.0,No,4535.6,421.81080000000003,4113.7892
5123,2025-12-06,C089,Customer_089,Chennai,Consumer,Electronics,Webcam,7.0,2460.88,0.077,CARD,Website,4.0,3.0,No,17226.16,1326.4143199999999,15899.74568
5234,2025-12-06,C092,Customer_092,Mumbai,Corporate,Accessories,Power Bank,5.0,1614.33,0.095,CARD,Mobile App,5.0,4.0,No,8071.65,766.80675,7304.84325
5433,2025-12-06,C046,Customer_046,Mumbai,Consumer,Electronics,Headset,2.0,2341.04,0.019,UPI,Website,1.0,3.0,No,4682.08,88.95952,4593.12048
5007,2025-12-07,C041,Customer_041,Delhi,Consumer,Home,Table Fan,8.0,1893.05,0.0,UPI,Mobile App,6.0,4.0,No,15144.4,0.0,15144.4
5073,2025-12-08,C100,Customer_100,Hyderabad,Consumer,Accessories,Phone Case,5.0,701.14,0.03,UPI,Website,2.0,5.0,No,3505.7,105.17099999999999,3400.529
5062,2025-12-08,C007,Customer_007,Mumbai,Consumer,Office,Pen,5.0,23.45,0.2,CARD,Website,7.0,3.0,No,117.25,23.450000000000003,93.8
5559,2025-12-08,C053,Customer_053,Mumbai,Consumer,Accessories,USB Cable,6.0,418.07,0.122,CARD,Website,4.0,5.0,No,2508.42,306.02724,2202.39276
5292,2025-12-09,C119,Customer_119,Delhi,Consumer,Office,Stapler,1.0,171.29,0.1,UPI,Mobile App,3.0,4.0,No,171.29,17.129,154.161
5472,2025-12-09,C037,Customer_037,Chennai,Consumer,Office,Notebook,1.0,114.68,0.064,UPI,Store,2.0,3.0,No,114.68,7.33952,107.34048000000001
5582,2025-12-11,C083,Customer_083,Mumbai,Consumer,Electronics,Headset,2.0,2127.86,0.021,NET BANKING,Website,5.0,4.0,No,4255.72,89.37012000000001,4166.349880000001
5430,2025-12-11,C012,Customer_012,Hyderabad,Small Business,Electronics,Headset,6.0,2491.26,0.133,UPI,Website,8.0,3.0,No,14947.560000000001,1988.0254800000002,12959.534520000001
5038,2025-12-12,C008,Customer_008,Mumbai,Consumer,Office,Marker,6.0,58.14,0.072,NET BANKING,Website,5.0,4.0,No,348.84000000000003,25.11648,323.72352
5306,2025-12-13,C071,Customer_071,Chennai,Small Business,Accessories,Phone Case,4.0,615.62,0.047,CASH,Mobile App,9.0,3.0,No,2462.48,115.73656,2346.74344
5561,2025-12-13,C085,Customer_085,Chennai,Consumer,Electronics,Mouse,3.0,913.32,0.169,UPI,Website,6.0,3.0,No,2739.96,463.05324,2276.90676
5028,2025-12-13,C030,Customer_030,Mumbai,Consumer,Electronics,Monitor,7.0,13345.52,0.046,UPI,Website,4.0,4.0,No,93418.64,4297.25744,89121.38256
5156,2025-12-15,C083,Customer_083,Mumbai,Consumer,Office,Marker,8.0,58.92,0.0,UPI,Website,5.0,5.0,No,471.36,0.0,471.36
5331,2025-12-17,C006,Customer_006,Hyderabad,Consumer,Office,Stapler,7.0,151.9,0.029,UPI,Store,3.0,5.0,No,1063.3,30.8357,1032.4642999999999
5503,2025-12-17,C066,Customer_066,Delhi,Corporate,Office,Printer Paper,8.0,332.92,0.142,CARD,Website,6.0,4.0,No,2663.36,378.19712,2285.1628800000003
5124,2025-12-17,C017,Customer_017,Delhi,Small Business,Electronics,Mouse,3.0,786.18,0.115,CARD,Website,5.0,4.0,No,2358.54,271.2321,2087.3079
5518,2025-12-17,C044,Customer_044,Bengaluru,Consumer,Electronics,Mouse,2.0,853.21,0.082,UPI,Mobile App,6.0,3.0,No,1706.42,139.92644,1566.4935600000001
5334,2025-12-19,C035,Customer_035,Delhi,Consumer,Home,Desk,1.0,7549.46,0.0,CASH,Website,5.0,4.0,No,7549.46,0.0,7549.46
5403,2025-12-20,C054,Customer_054,Mumbai,Small Business,Electronics,Keyboard,5.0,1966.7,0.112,UPI,Mobile App,10.0,4.0,No,9833.5,1101.352,8732.148
5475,2025-12-22,C095,Customer_095,Bengaluru,Corporate,Home,Table Fan,3.0,2057.76,0.204,CARD,Website,3.0,5.0,No,6173.280000000001,1259.34912,4913.930880000001
5083,2025-12-22,C060,Customer_060,Chennai,Corporate,Accessories,Power Bank,3.0,1957.93,0.0,CARD,Store,1.0,3.0,No,5873.79,0.0,5873.79
5546,2025-12-24,C007,Customer_007,Mumbai,Consumer,Office,Stapler,8.0,164.95,0.049,NET BANKING,Store,8.0,4.0,No,1319.6,64.6604,1254.9396
5319,2025-12-24,C038,Customer_038,Delhi,Corporate,Home,Table Fan,5.0,2221.03,0.137,CARD,Website,6.0,4.0,No,11105.150000000001,1521.4055500000004,9583.744450000002
5094,2025-12-25,C006,Customer_006,Hyderabad,Consumer,Home,Lamp,1.0,765.42,0.069,CARD,Store,2.0,5.0,No,765.42,52.81398,712.60602
5390,2025-12-25,C005,Customer_005,Chennai,Consumer,Office,Stapler,4.0,178.97,0.074,UPI,Website,3.0,4.0,No,715.88,52.97512,662.90488
5339,2025-12-26,C080,Customer_080,Mumbai,Consumer,Office,Printer Paper,3.0,365.47,0.12,UPI,Store,4.0,4.0,No,1096.41,131.5692,964.8408000000001
5524,2025-12-26,C107,Customer_107,Delhi,Consumer,Office,Notebook,6.0,120.67,0.141,NET BANKING,Website,3.0,4.0,No,724.02,102.08681999999999,621.93318
5481,2025-12-26,C019,Customer_019,Hyderabad,Corporate,Accessories,USB Cable,2.0,463.71,0.184,CARD,Website,5.0,4.0,No,927.42,170.64527999999999,756.77472
5532,2025-12-27,C096,Customer_096,Mumbai,Corporate,Office,Pen,4.0,28.28,0.018,CARD,Website,6.0,4.0,No,113.12,2.0361599999999997,111.08384000000001
5491,2025-12-27,C036,Customer_036,Chennai,Corporate,Office,Printer Paper,7.0,340.16,0.017,CARD,Website,5.0,4.0,No,2381.1200000000003,40.47904000000001,2340.64096
5269,2025-12-28,C038,Customer_038,Delhi,Corporate,Home,Lamp,8.0,874.74,0.077,UPI,Mobile App,6.0,4.0,No,6997.92,538.83984,6459.08016
5399,2025-12-29,C066,Customer_066,Delhi,Corporate,Accessories,Phone Case,1.0,628.25,0.091,CASH,Store,6.0,4.0,No,628.25,57.17075,571.07925
5358,2025-12-29,C024,Customer_024,Hyderabad,Corporate,Electronics,Webcam,2.0,2554.97,0.0,CARD,Website,6.0,5.0,No,5109.94,0.0,5109.94
5295,2025-12-30,C102,Customer_102,Mumbai,Consumer,Office,Printer Paper,8.0,361.45,0.118,NET BANKING,Website,4.0,5.0,No,2891.6,341.2088,2550.3912
5076,2025-12-30,C061,Customer_061,Mumbai,Small Business,Office,Pen,1.0,23.06,0.009,UPI,Mobile App,8.0,5.0,No,23.06,0.20753999999999997,22.852459999999997
5278,2025-12-30,C046,Customer_046,Mumbai,Consumer,Office,Stapler,4.0,165.52,0.017,CASH,Website,1.0,3.0,No,662.08,11.255360000000001,650.82464
5327,2025-12-31,C066,Customer_066,Delhi,Corporate,Accessories,Phone Case,8.0,597.49,0.098,UPI,Mobile App,3.0,4.0,Yes,4779.92,468.43216,4311.48784
5242,2025-12-31,C112,Customer_112,Chennai,Consumer,Accessories,USB Cable,5.0,431.71,0.205,CARD,Store,6.0,4.0,No,2158.5499999999997,442.50274999999993,1716.0472499999998
