order_date,orders,units,revenue,average_order_value
2025-01-31,34,145.0,418543.33167,12310.097990294118
2025-02-28,45,206.0,344325.1977,7651.671060000001
2025-03-31,70,322.0,644133.44151,9201.906307285715
2025-04-30,45,223.0,530012.36722,11778.05260488889
2025-05-31,53,208.0,500555.66272,9444.446466415095
2025-06-30,51,213.0,520935.312305,10214.417888333333
2025-07-31,45,192.0,610027.82271,13556.173837999999
2025-08-31,52,265.0,531617.44555,10223.412414423075
2025-09-30,46,202.0,347743.17672,7559.634276521739
2025-10-31,64,295.0,577015.80696,9015.87198375
2025-11-30,44,252.0,329411.04154,7486.614580454546
2025-12-31,47,212.0,244200.43295000002,5195.753892553192
